hole_diameter(um),pitch(um),fiber_diameter(um),elips_semi_major_a,elips_semi_minor_b,pml(um),wevelength(um),real_effective_mode_index_x,real_effective_mode_index_y,birefringence,conf_x,conf_y,effective_area_x,effective_area_y,,,,,,,,,Confinement loss visualisation,,,,,,
0.6,1,12,0.2,0.1,2.5,0.6,1.3885,1.3921,0.0036,0.0088444,0.81452,0,0,,,,,,,,,wavelength(um),d(.68) Λ(1.1),d(.72) Λ(.1),d(.73) Λ(1.25) ,d(.75) Λ(1.25),d(.8) Λ(1.2),d(.85) Λ (1.2)
0.6,1,12,0.2,0.1,2.5,0.7,1.3791,1.383,0.0039,0.17274,0.013785,0,0,,,,,,,,,0.6,0.0078272,4.81E-07,5.92E-04,2.22E-04,8.13E-05,3.74E-07
0.6,1,12,0.2,0.1,2.5,0.8,1.3704,1.3742,0.0038,0.067339,0.024927,0,0,,,,,,,,,0.7,10.099,1.14E-05,0.005053,0.0017474,1.59E-04,1.49E-05
0.6,1,12,0.2,0.1,2.5,0.9,1.3983,1.4017,0.0034,0.14173,0.092828,0,0,,,,,,,,,0.8,0.11677,3.16E-04,0.88327,2.8748,4.93E-04,8.00E-06
0.6,1,12,0.2,0.1,2.5,1,1.3885,1.3921,0.0036,0.57,1.16,0,0,,,,,,,,,0.9,0.1632,0.02468,0.047771,0.024601,0.0018141,1.76E-04
0.6,1,12,0.2,0.1,2.5,1.1,1.3791,1.383,0.0039,13.205,23.824,0,0,,,,,,,,,1,0.58174,0.34584,0.065458,0.033753,0.010832,0.0086613
0.6,1,12,0.2,0.1,2.5,1.2,1.3704,1.3742,0.0038,26.625,5.7299,0,0,,,,,,,,,1.1,21.322,0.20211,0.13877,0.074951,2.3659,0.17898
0.6,1,12,0.2,0.1,2.5,1.3,1.3622,1.3659,0.0037,13.471,6.921,0,0,,,,,,,,,1.2,13.585,0.36321,0.33143,0.18917,0.21057,0.067639
0.6,1,12,0.2,0.1,2.5,1.4,1.3546,1.3581,0.0035,15.696,10.34,0,0,,,,,,,,,1.3,8.723,0.77808,0.80459,0.48618,0.25832,0.10416
0.6,1,12,0.2,0.1,2.5,1.5,1.3475,1.3508,0.0033,21.234,15.646,0,0,,,,,,,,,1.4,11.229,1.6859,1.8985,1.214,0.51989,0.20591
0.6,1,12,0.2,0.1,2.5,1.6,1.3409,1.344,0.0031,27.917,22.706,0,0,,,,,,,,,1.5,16.475,3.3279,4.2601,2.8779,1.326,0.428
0.6,1,12,0.2,0.1,2.5,1.7,1.3346,1.3375,0.0029,36.139,31.301,0,0,,,,,,,,,1.6,24.436,6.1154,8.9841,6.3979,6.6334,0.89451
0.6,1,12,0.2,0.1,2.5,1.8,1.3286,1.3314,0.0028,45.224,41.017,0,0,,,,,,,,,,,,,,,
0.6,1,12,0.2,0.1,2.5,1.9,1.3226,1.3251,0.0025,54.475,51.314,0,0,,,,,,,,,,,,,,,
0.6,1,12,0.2,0.1,2.5,2,1.3166,1.3189,0.0023,63.372,61.51,0,0,,,,,,,,,,,,,,,
0.6,1,12,0.25,0.15,2.5,0.6,1.4222,1.4238,0.0016,0.072279,0.029782,0,0,,,,,,,,,,,,,,,
0.6,1,12,0.25,0.15,2.5,0.7,1.41,1.4121,0.0021,0.18369,0.093935,0,0,,,,,,,,,,,,,,,
0.6,1,12,0.25,0.15,2.5,0.8,1.3982,1.4008,0.0026,0.84005,1.5915,0,0,,,,,,,,,,,,,,,
0.6,1,12,0.25,0.15,2.5,0.9,1.3875,1.3901,0.0026,1.323,2.52,0,0,,,,,,,,,,,,,,,
0.6,1,12,0.25,0.15,2.5,1,1.3767,1.3801,0.0034,5.0286,1.9409,0,0,,,,,,,,,,,,,,,
0.6,1,12,0.25,0.15,2.5,1.1,1.3673,1.3708,0.0035,6.2123,3.7761,0,0,,,,,,,,,,,,,,,
0.6,1,12,0.25,0.15,2.5,1.2,1.3588,1.3622,0.0034,15.611,23.479,0,0,,,,,,,,,,,,,,,
0.6,1,12,0.25,0.15,2.5,1.3,1.3516,1.3547,0.0031,134.45,206.45,0,0,,,,,,,,,,,,,,,
0.6,1,12,0.25,0.15,2.5,1.4,1.3443,1.3474,0.0031,95.345,47.215,0,0,,,,,,,,,,,,,,,
0.6,1,12,0.25,0.15,2.5,1.5,1.3379,1.3409,0.003,60.121,41.506,0,0,,,,,,,,,,,,,,,
0.6,1,12,0.25,0.15,2.5,1.6,1.3319,1.3348,0.0029,58.322,45.18,0,0,,,,,,,,,,,,,,,
0.6,1.2,13.5,0.2,0.1,2.5,0.6,1.4483,1.449,0.0007,0.88895,0.49958,0,0,,,,,,,,,,,,,,,
0.6,1.2,13.5,0.2,0.1,2.5,0.7,1.4418,1.4428,0.001,0.37429,0.10768,0,0,,,,,,,,,,,,,,,
0.6,1.2,13.5,0.2,0.1,2.5,0.8,1.4351,1.4365,0.0014,0.30535,0.14772,0,0,,,,,,,,,,,,,,,
0.6,1.2,13.5,0.2,0.1,2.5,0.9,1.4302,1.4302,0,0.30171,0.30171,0,0,,,,,,,,,,,,,,,
0.6,1.2,13.5,0.2,0.1,2.5,1,1.4221,1.4239,0.0018,1.0897,1.143,0,0,,,,,,,,,,,,,,,
0.6,1.2,13.5,0.2,0.1,2.5,1.1,1.4159,1.4178,0.0019,5.8373,52.728,0,0,,,,,,,,,,,,,,,
0.6,1.2,13.5,0.2,0.1,2.5,1.2,1.4119,1.4119,0,10.103,20.103,0,0,,,,,,,,,,,,,,,
0.6,1.2,13.5,0.2,0.1,2.5,1.3,1.4042,1.4063,0.0021,25.9,11.534,0,0,,,,,,,,,,,,,,,
0.6,1.2,13.5,0.2,0.1,2.5,1.4,1.3988,1.4008,0.002,19.744,12.494,0,0,,,,,,,,,,,,,,,
0.6,1.2,13.5,0.2,0.1,2.5,1.5,1.3937,1.3957,0.002,21.343,15.496,0,0,,,,,,,,,,,,,,,
0.6,1.2,13.5,0.2,0.1,2.5,1.6,1.3889,1.3908,0.0019,25.006,19.62,0,0,,,,,,,,,,,,,,,
0.6,1.1,12.5,0.2,0.1,2.5,0.7,1.4325,1.4341,0.0016,0.10623,0.45566,0,0,,,,,,,,,,,,,,,
0.6,1.1,12.5,0.2,0.1,2.5,0.8,1.4243,1.4262,0.0019,26.986,0.60697,0,0,,,,,,,,,,,,,,,
0.6,1.1,12.5,0.2,0.1,2.5,0.9,1.4162,1.4184,0.0022,1.668,0.45612,0,0,,,,,,,,,,,,,,,
0.6,1.1,12.5,0.2,0.1,2.5,1,1.4082,1.4108,0.0026,1.6266,0.81081,0,0,,,,,,,,,Birefringence visualisation,,,,,,
0.6,1.1,12.5,0.2,0.1,2.5,1.1,1.4006,1.4033,0.0027,2.7171,1.7253,0,0,,,,,,,,,wavelength(um),d(.68) Λ(1.1),d(.72) Λ(.1),d(.73) Λ(1.25) ,d(.75) Λ(1.25),d(.8) Λ(1.2),d(.85) Λ (1.2)
0.6,1.1,12.5,0.2,0.1,2.5,1.2,1.3934,1.3962,0.0028,5.0632,3.7465,0,0,,,,,,,,,0.6,0.0013,2.20E-03,9.00E-04,9.00E-04,1.10E-03,1.50E-03
0.6,1.1,12.5,0.2,0.1,2.5,1.3,1.3865,1.3893,0.0028,9.4042,7.8407,0,0,,,,,,,,,0.7,0.0018,2.20E-03,1.30E-03,1.40E-03,1.70E-03,2.10E-03
0.6,1.1,12.5,0.2,0.1,2.5,1.4,1.38,1.3827,0.0027,16.771,15.444,0,0,,,,,,,,,0.8,0.0024,2.80E-03,1.60E-03,1.70E-03,2.30E-03,2.60E-03
0.6,1.1,12.5,0.2,0.1,2.5,1.5,1.3739,1.3764,0.0025,28.291,28.266,0,0,,,,,,,,,0.9,0.0028,3.20E-03,2.00E-03,2.10E-03,2.70E-03,3.10E-03
0.6,1.1,12.5,0.2,0.1,2.5,1.6,1.3679,1.3703,0.0024,44.76,47.562,0,0,,,,,,,,,1,0.0033,3.70E-03,2.30E-03,2.40E-03,3.30E-03,3.60E-03
0.6,1.1,12.5,0.2,0.1,2.5,1.7,1.3621,1.3643,0.0022,65.863,72.774,0,0,,,,,,,,,1.1,0.0036,3.90E-03,2.60E-03,2.70E-03,3.60E-03,3.90E-03
0.65,1.1,12.5,0.25,0.15,2.5,0.7,1.4216,1.4232,0.0016,0.94512,0.10023,0,0,,,,,,,,,1.2,0.0036,4.20E-03,2.80E-03,2.90E-03,3.90E-03,4.20E-03
0.65,1.1,12.5,0.25,0.15,2.5,0.8,1.4113,1.4134,0.0021,0.29642,0.1106,0,0,,,,,,,,,1.3,0.0036,4.30E-03,2.90E-03,3.00E-03,4.10E-03,4.30E-03
0.65,1.1,12.5,0.25,0.15,2.5,0.9,1.4012,1.4037,0.0025,0.49122,0.33942,0,0,,,,,,,,,1.4,0.0036,4.10E-03,2.90E-03,3.10E-03,4.20E-03,4.40E-03
0.65,1.1,12.5,0.25,0.15,2.5,1,1.3917,1.3945,0.0028,2.1997,8.5484,0,0,,,,,,,,,1.5,0.0035,4.10E-03,2.90E-03,3.10E-03,4.20E-03,4.40E-03
0.65,1.1,12.5,0.25,0.15,2.5,1.1,1.3858,1.3858,0,6.245,10.001,0,0,,,,,,,,,1.6,0.0034,3.90E-03,2.80E-03,3.00E-03,4.10E-03,4.40E-03
0.65,1.1,12.5,0.25,0.15,2.5,1.2,1.3743,1.3775,0.0032,16.275,5.954,0,0,,,,,,,,,,,,,,,
0.65,1.1,12.5,0.25,0.15,2.5,1.3,1.3666,1.3698,0.0032,13.665,7.9042,0,0,,,,,,,,,,,,,,,
0.65,1.1,12.5,0.25,0.15,2.5,1.4,1.3594,1.3626,0.0032,17.448,12.182,0,0,,,,,,,,,,,,,,,
0.65,1.1,12.5,0.25,0.15,2.5,1.5,1.3528,1.3558,0.003,24.266,19.04,0,0,,,,,,,,,,,,,,,
0.65,1.1,12.5,0.25,0.15,2.5,1.6,1.3466,1.3495,0.0029,33.896,29.016,0,0,,,,,,,,,,,,,,,
0.65,1.25,13.5,0.2,0.1,2.5,0.6,0,0,0,0,0,0,0,,,,,,,,,,,,,,,
0.65,1.25,13.5,0.2,0.1,2.5,0.7,1.4429,1.4439,0.001,0.53275,0.81981,0,0,,,,,,,,,,,,,,,
0.65,1.25,13.5,0.2,0.1,2.5,0.8,1.4363,1.4377,0.0014,0.99088,0.16029,0,0,,,,,,,,,,,,,,,
0.65,1.25,13.5,0.2,0.1,2.5,0.9,1.4432,1.4298,0.0134,0.49668,0.21145,0,0,,,,,,,,,,,,,,,
0.65,1.25,13.5,0.2,0.1,2.5,1,0,0,0,0,0,0,0,,,,,,,,,,,,,,,
0.65,1.25,13.5,0.2,0.1,2.5,1.1,0,0,0,0,0,0,0,,,,,,,,,,,,,,,
0.65,1.25,13.5,0.2,0.1,2.5,1.2,0,0,0,0,0,0,0,,,,,,,,,,,,,,,
0.65,1.25,13.5,0.2,0.1,2.5,1.3,1.4046,1.4068,0.0022,4.8543,4.1765,0,0,,,,,,,,,,,,,,,
0.65,1.25,13.5,0.2,0.1,2.5,1.4,1.3988,1.3988,0,9.2153,8.691,0,0,,,,,,,,,,,,,,,
0.65,1.25,13.5,0.2,0.1,2.5,1.5,1.3954,1.3954,0,16.721,17.069,0,0,,,,,,,,,,,,,,,
0.65,1.25,13.5,0.2,0.1,2.5,1.6,1.3879,1.39,0.0021,28.709,31.238,0,0,,,,,,,,,,,,,,,
0.67,1.1,12.5,0.25,0.15,2.5,0.7,1.4312,1.4324,0.0012,0.040365,0.32016,0,0,,,,,,,,,,,,,,,
0.67,1.1,12.5,0.25,0.15,2.5,0.8,1.4206,1.4223,0.0017,1.1444,0.074075,0,0,,,,,,,,,,,,,,,
0.67,1.1,12.5,0.25,0.15,2.5,0.9,1.41,1.4122,0.0022,0.21687,0.074653,0,0,,,,,,,,,,,,,,,
0.67,1.1,12.5,0.25,0.15,2.5,1,1.3998,1.4024,0.0026,0.34089,0.21987,0,0,,,,,,,,,,,,,,,
0.67,1.1,12.5,0.25,0.15,2.5,1.1,1.39,1.393,0.003,1.3878,4.1294,0,0,,,,,,,,,,,,,,,
0.67,1.1,12.5,0.25,0.15,2.5,1.2,1.3807,1.384,0.0033,216.25,9.5278,0,0,,,,,,,,,,,,,,,
0.67,1.1,12.5,0.25,0.15,2.5,1.3,1.3722,1.3755,0.0033,15.21,4.9317,0,0,,,,,,,,,,,,,,,
0.67,1.1,12.5,0.25,0.15,2.5,1.4,1.3642,1.3676,0.0034,11.839,6.5594,0,0,,,,,,,,,,,,,,,
0.67,1.1,12.5,0.25,0.15,2.5,1.5,1.3569,1.3601,0.0032,15.167,10.331,0,0,,,,,,,,,,,,,,,
0.67,1.1,12.5,0.25,0.15,2.5,1.6,1.35,1.3532,0.0032,21.465,16.559,0,0,,,,,,,,,,,,,,,
0.66,1.1,13,0.2,0.1,2.5,0.6,1.4371,1.4384,0.0013,1.95E-02,3.11E-03,0,0,,,,,,,,,,,,,,,
0.66,1.1,13,0.2,0.1,2.5,0.7,1.4279,1.4297,0.0018,1.41E-02,4.21E-03,0,0,,,,,,,,,,,,,,,
0.66,1.1,13,0.2,0.1,2.5,0.8,1.4186,1.421,0.0024,2.46E-02,9.38E-03,0,0,,,,,,,,,,,,,,,
0.66,1.1,13,0.2,0.1,2.5,0.9,1.4095,1.4122,0.0027,5.89E-02,5.33E-02,0,0,,,,,,,,,,,,,,,
0.66,1.1,13,0.2,0.1,2.5,1,1.4005,1.4036,0.0031,1.74E+00,1.20E-01,0,0,,,,,,,,,,,,,,,
0.66,1.1,13,0.2,0.1,2.5,1.1,1.3917,1.395,0.0033,4.40E-01,1.79E-01,0,0,,,,,,,,,,,,,,,
0.66,1.1,13,0.2,0.1,2.5,1.2,1.3832,1.3867,0.0035,7.48E-01,3.94E-01,0,0,,,,,,,,,,,,,,,
0.66,1.1,13,0.2,0.1,2.5,1.3,1.3751,1.3786,0.0035,1.48E+00,9.31E-01,0,0,,,,,,,,,,,,,,,
0.66,1.1,13,0.2,0.1,2.5,1.4,1.3675,1.3709,0.0034,3.27E+00,3.23E+00,0,0,,,,,,,,,,,,,,,
0.66,1.1,13,0.2,0.1,2.5,1.5,1.3603,1.3635,0.0032,1.58E+01,8.11E+01,0,0,,,,,,,,,Effective refractive index visualisation,,,,,,
0.66,1.1,13,0.2,0.1,2.5,1.6,1.3539,1.3568,0.0029,8.05E+02,7.40E+01,0,0,,,,,,,,,wavelength(um),d(.68) Λ(1.1),d(.72) Λ(.1),d(.73) Λ(1.25) ,d(.75) Λ(1.25),d(.8) Λ(1.2),d(.85) Λ (1.2)
0.66,1.2,13.5,0.2,0.1,2.5,0.6,1.4456,1.4465,0.0009,7.08E-03,1.99E-02,0,0,,,,,,,,,0.6,1.4287,1.42E+00,1.45E+00,1.45E+00,1.43E+00,1.44E+00
0.66,1.2,13.5,0.2,0.1,2.5,0.7,1.4384,1.4396,0.0012,5.10E-02,2.61E-02,0,0,,,,,,,,,0.7,1.4174,1.42E+00,1.44E+00,1.44E+00,1.42E+00,1.43E+00
0.66,1.2,13.5,0.2,0.1,2.5,0.8,1.431,1.4326,0.0016,6.41E-02,2.08E-02,0,0,,,,,,,,,0.8,1.4063,1.41E+00,1.43E+00,1.43E+00,1.41E+00,1.42E+00
0.66,1.2,13.5,0.2,0.1,2.5,0.9,1.4236,1.4256,0.002,8.01E-02,4.00E-02,0,0,,,,,,,,,0.9,1.3954,1.40E+00,1.42E+00,1.42E+00,1.40E+00,1.41E+00
0.66,1.2,13.5,0.2,0.1,2.5,1,1.4163,1.4185,0.0022,1.63E-01,1.11E-01,0,0,,,,,,,,,1,1.3849,1.39E+00,1.42E+00,1.41E+00,1.39E+00,1.40E+00
0.66,1.2,13.5,0.2,0.1,2.5,1.1,0,0,0,0.00E+00,0.00E+00,0,0,,,,,,,,,1.1,1.375,1.38E+00,1.41E+00,1.41E+00,1.38E+00,1.39E+00
0.66,1.2,13.5,0.2,0.1,2.5,1.2,0,0,0,0.00E+00,0.00E+00,0,0,,,,,,,,,1.2,1.3657,1.37E+00,1.40E+00,1.40E+00,1.37E+00,1.38E+00
0.66,1.2,13.5,0.2,0.1,2.5,1.3,0,0,0,0.00E+00,0.00E+00,0,0,,,,,,,,,1.3,1.3571,1.36E+00,1.39E+00,1.39E+00,1.36E+00,1.37E+00
0.66,1.2,13.5,0.2,0.1,2.5,1.4,0,0,0,0.00E+00,0.00E+00,0,0,,,,,,,,,1.4,1.349,1.35E+00,1.39E+00,1.38E+00,1.35E+00,1.36E+00
0.66,1.2,13.5,0.2,0.1,2.5,1.5,0,0,0,0.00E+00,0.00E+00,0,0,,,,,,,,,1.5,1.3416,1.35E+00,1.38E+00,1.38E+00,1.34E+00,1.35E+00
0.66,1.2,13.5,0.2,0.1,2.5,1.6,0,0,0,0.00E+00,0.00E+00,0,0,,,,,,,,,1.6,1.3347,1.34E+00,1.37E+00,1.37E+00,1.34E+00,1.34E+00
0.66,1,12,0.2,0.1,2.5,0.6,1.4241,1.4263,0.0022,7.93E-05,1.44E-04,0,0,,,,,,,,,,,,,,,
0.66,1,12,0.2,0.1,2.5,0.7,1.4123,1.4151,0.0028,0.0071841,0.0020426,0,0,,,,,,,,,,,,,,,
0.66,1,12,0.2,0.1,2.5,0.8,1.4005,1.404,0.0035,0.0092056,0.0018315,0,0,,,,,,,,,,,,,,,
0.66,1,12,0.2,0.1,2.5,0.9,1.3889,1.393,0.0041,0.014532,0.0067105,0,0,,,,,,,,,,,,,,,
0.66,1,12,0.2,0.1,2.5,1,1.3777,1.3822,0.0045,0.051458,0.047423,0,0,,,,,,,,,,,,,,,
0.66,1,12,0.2,0.1,2.5,1.1,1.3668,1.3715,0.0047,0.35612,2.6494,0,0,,,,,,,,,fixes,,,,,,
0.66,1,12,0.2,0.1,2.5,1.2,1.3564,1.3612,0.0048,56.782,3.4029,0,0,,,,,,,,,,,,,,,
0.66,1,12,0.2,0.1,2.5,1.3,1.3466,1.3514,0.0048,9.1572,2.6523,0,0,,,,,,,,,Confinement loss visualisation,,,,,,
0.66,1,12,0.2,0.1,2.5,1.4,1.3374,1.342,0.0046,7.6563,4.0781,0,0,,,,,,,,,wavelength(um),d(.74) Λ(1),d(.74) Λ(1.1),d(.74) Λ(1.25) ,d(.79) Λ(1),d(.79) Λ(1.1),d(.79) Λ(1.25)
0.66,1,12,0.2,0.1,2.5,1.5,1.3288,1.3331,0.0043,10.503,6.9792,0,0,,,,,,,,,0.6,7.37E-07,0.000074963,3.62E-04,1.69E-06,1.36E-06,2.06E-04
0.66,1,12,0.2,0.1,2.5,1.6,1.3209,1.3249,0.004,15.485,11.62,0,0,,,,,,,,,0.7,3.90E-06,0.0035552,0.0029689,0.000071854,0.000046769,0.14929
0.66,1,12,0.2,0.1,2.5,1.7,1.3134,1.3171,0.0037,22.345,18.204,0,0,,,,,,,,,0.8,6.81E-05,0.022647,1.2934,0.0002503,0.027691,0.0058258
0.67,1,12,0.2,0.1,2.5,0.6,1.4232,1.4254,0.0022,3.63E-05,5.66E-05,0,0,,,,,,,,,0.9,0.0017012,0.026172,0.034421,0.078446,0.0022815,0.0082462
0.67,1,12,0.2,0.1,2.5,0.7,1.4111,1.414,0.0029,0.0022643,0.0017115,0,0,,,,,,,,,1,0.081027,0.049835,0.0472,0.0011223,0.0064454,0.020422
0.67,1,12,0.2,0.1,2.5,0.8,1.3991,1.4027,0.0036,0.0069821,0.0011692,0,0,,,,,,,,,1.1,3.4499,0.55015,0.10228,0.0060143,0.057785,0.058125
0.67,1,12,0.2,0.1,2.5,0.9,1.3873,1.3915,0.0042,0.009798,0.0043057,0,0,,,,,,,,,1.2,1.1264,1.108,0.25104,0.20246,1.482,0.16842
0.67,1,12,0.2,0.1,2.5,1,1.3758,1.3804,0.0046,0.03473,0.029676,0,0,,,,,,,,,1.3,1.5296,3.0114,0.62699,0.074572,1.0391,0.4723
0.67,1,12,0.2,0.1,2.5,1.1,1.3647,1.3696,0.0049,0.22598,1.1562,0,0,,,,,,,,,1.4,2.6763,3.8921,1.5216,0.17301,1.3746,1.2516
0.67,1,12,0.2,0.1,2.5,1.2,1.3541,1.359,0.0049,15.59,3.3626,0,0,,,,,,,,,1.5,4.893,6.4655,3.5091,0.42747,2.5803,3.0977
0.67,1,12,0.2,0.1,2.5,1.3,1.344,1.3489,0.0049,9.1094,2.2361,0,0,,,,,,,,,1.6,8.2478,11.042,7.5979,1.1112,5.0416,7.107
0.67,1,12,0.2,0.1,2.5,1.4,1.3345,1.3392,0.0047,6.7702,3.4469,0,0,,,,,,,,,,,,,,,
0.67,1,12,0.2,0.1,2.5,1.5,1.3256,1.3301,0.0045,9.2565,6.0132,0,0,,,,,,,,,Effective refractive index visualisation,,,,,,
0.67,1,12,0.2,0.1,2.5,1.6,1.3174,1.3216,0.0042,13.852,10.245,0,0,,,,,,,,,wavelength(um),d(.74) Λ(1),d(.74) Λ(1.1),d(.74) Λ(1.25) ,d(.79) Λ(1),d(.79) Λ(1.1),d(.79) Λ (1.25)
0.67,1,12,0.2,0.1,2.5,1.7,1.3098,1.3136,0.0038,20.359,16.414,0,0,,,,,,,,,0.6,1.4186,1.4259,1.4465,1.4132,1.4213,1.437
0.68,1.1,12.5,0.25,0.15,2.5,0.6,1.4295,1.4308,0.0013,0.0078272,0.025536,0,0,,,,,,,,,0.7,1.4059,1.4142,1.4396,1.3993,1.4087,1.4293
0.68,1.1,12.5,0.25,0.15,2.5,0.7,1.4185,1.4203,0.0018,10.099,0.042036,0,0,,,,,,,,,0.8,1.3931,1.4026,1.4324,1.3855,1.3961,1.4215
0.68,1.1,12.5,0.25,0.15,2.5,0.8,1.4075,1.4099,0.0024,0.11677,0.033571,0,0,,,,,,,,,0.9,1.3804,1.3913,1.4252,1.3717,1.3838,1.4136
0.68,1.1,12.5,0.25,0.15,2.5,0.9,1.3969,1.3997,0.0028,0.1632,0.092886,0,0,,,,,,,,,1,1.3678,1.3803,1.4179,1.3579,1.3719,1.4057
0.68,1.1,12.5,0.25,0.15,2.5,1,1.3866,1.3899,0.0033,0.58174,1.1952,0,0,,,,,,,,,1.1,1.3553,1.3697,1.4105,1.3442,1.3603,1.3977
0.68,1.1,12.5,0.25,0.15,2.5,1.1,1.3769,1.3805,0.0036,21.322,9.1195,0,0,,,,,,,,,1.2,1.343,1.3595,1.4032,1.3307,1.349,1.3898
0.68,1.1,12.5,0.25,0.15,2.5,1.2,1.3679,1.3715,0.0036,13.585,3.3086,0,0,,,,,,,,,1.3,1.331,1.3497,1.396,1.3174,1.3382,1.3819
0.68,1.1,12.5,0.25,0.15,2.5,1.3,1.3595,1.3631,0.0036,8.723,4.4134,0,0,,,,,,,,,1.4,1.3195,1.3405,1.3888,1.3044,1.3279,1.3742
0.68,1.1,12.5,0.25,0.15,2.5,1.4,1.3517,1.3553,0.0036,11.229,7.2765,0,0,,,,,,,,,1.5,1.3084,1.3319,1.3819,1.2919,1.3181,1.3667
0.68,1.1,12.5,0.25,0.15,2.5,1.5,1.3444,1.3479,0.0035,16.475,12.283,0,0,,,,,,,,,1.6,1.298,1.3238,1.3751,1.28,1.3089,1.3593
0.68,1.1,12.5,0.25,0.15,2.5,1.6,1.3377,1.3411,0.0034,24.436,20.15,0,0,,,,,,,,,,,,,,,
0.68,1,12.5,0.2,0.1,2.5,0.6,1.4222,1.4245,0.0023,2.86E-05,9.27E-04,0,0,,,,,,,,,Birefringence visualisation,,,,,,
0.68,1,12.5,0.2,0.1,2.5,0.7,1.4099,1.4129,0.003,2.15E-04,1.82E-04,0,0,,,,,,,,,wavelength(um),d(.74) Λ(1),d(.74) Λ(1.1),d(.74) Λ(1.25) ,d(.79) Λ(1),d(.79) Λ.(1.1),d(.79) Λ (1.25)
0.68,1,12.5,0.2,0.1,2.5,0.8,1.3976,1.4014,0.0038,0.0031267,0.0056063,0,0,,,,,,,,,0.6,0.0028,0.0017,0.0009,0.0033,0.002,0.0015
0.68,1,12.5,0.2,0.1,2.5,0.9,1.3856,1.39,0.0044,0.088004,3.8972,0,0,,,,,,,,,0.7,0.0037,0.0023,0.0013,0.0043,0.0027,0.0019
0.68,1,12.5,0.2,0.1,2.5,1,1.3739,1.3787,0.0048,0.3151,0.41545,0,0,,,,,,,,,0.8,0.0045,0.0029,0.0017,0.0052,0.0034,0.0023
0.68,1,12.5,0.2,0.1,2.5,1.1,1.3626,1.3676,0.005,2.6887,0.4726,0,0,,,,,,,,,0.9,0.0052,0.0033,0.0021,0.006,0.0041,0.0026
0.68,1,12.5,0.2,0.1,2.5,1.2,1.3517,1.3568,0.0051,2.7349,0.86937,0,0,,,,,,,,,1,0.0057,0.004,0.0024,0.0064,0.0047,0.003
0.68,1,12.5,0.2,0.1,2.5,1.3,1.3414,1.3464,0.005,4.1866,2.1004,0,0,,,,,,,,,1.1,0.0059,0.0044,0.0026,0.0068,0.0052,0.0031
0.68,1,12.5,0.2,0.1,2.5,1.4,1.3365,1.4159,0.0794,3.3842,333.09,0,0,,,,,,,,,1.2,0.0061,0.0046,0.0028,0.0069,0.0054,0.0033
0.68,1,12.5,0.2,0.1,2.5,1.5,1.3226,1.3272,0.0046,10.923,6.0935,0,0,,,,,,,,,1.3,0.006,0.0047,0.003,0.0069,0.0055,0.0033
0.68,1,12.5,0.2,0.1,2.5,1.6,1.3142,1.3185,0.0043,16.362,10.254,0,0,,,,,,,,,1.4,0.006,0.0046,0.0029,0.0067,0.0055,0.0034
0.68,1,12.5,0.2,0.1,2.5,1.7,1.3066,1.3105,0.0039,24.076,17.908,0,0,,,,,,,,,1.5,0.0056,0.0046,0.003,0.0065,0.0054,0.0034
0.69,1.1,12.5,0.25,0.15,2.5,0.6,1.4287,1.43,0.0013,0.0035591,0.0091919,0,0,,,,,,,,,1.6,0.0053,0.0044,0.0029,0.0061,0.0052,0.0032
0.69,1.1,12.5,0.25,0.15,2.5,0.7,1.4174,1.4193,0.0019,6.782,0.032637,0,0,,,,,,,,,,,,,,,
0.69,1.1,12.5,0.25,0.15,2.5,0.8,1.4063,1.4087,0.0024,0.086163,0.022348,0,0,,,,,,,,,,,,,,,
0.69,1.1,12.5,0.25,0.15,2.5,0.9,1.3954,1.3983,0.0029,0.11248,0.060398,0,0,,,,,,,,,,,,,,,
0.69,1.1,12.5,0.25,0.15,2.5,1,1.3849,1.3883,0.0034,0.38261,0.68606,0,0,,,,,,,,,,,,,,,
0.69,1.1,12.5,0.25,0.15,2.5,1.1,1.375,1.3787,0.0037,9.6443,9.266,0,0,,,,,,,,,,,,,,,
0.69,1.1,12.5,0.25,0.15,2.5,1.2,1.3657,1.3695,0.0038,13.042,2.6819,0,0,,,,,,,,,,,,,,,
0.69,1.1,12.5,0.25,0.15,2.5,1.3,1.3571,1.3609,0.0038,7.4184,3.5798,0,0,,,,,,,,,,,,,,,
0.69,1.1,12.5,0.25,0.15,2.5,1.4,1.349,1.3528,0.0038,9.5632,6.0429,0,0,,,,,,,,,,,,,,,
0.69,1.1,12.5,0.25,0.15,2.5,1.5,1.3416,1.3453,0.0037,14.305,10.485,0,0,,,,,,,,,,,,,,,
0.69,1.1,12.5,0.25,0.15,2.5,1.6,1.3347,1.3382,0.0035,21.676,17.65,0,0,,,,,,,,,,,,,,,
0.69,1,12.5,0.2,0.1,2.5,0.6,1.4212,1.4235,0.0023,1.86E-05,1.72E-05,0,0,,,,,,,,,,,,,,,
0.69,1,12.5,0.2,0.1,2.5,0.7,1.4086,1.4118,0.0032,1.45E-04,8.85E-05,0,0,,,,,,,,,,,,,,,
0.69,1,12.5,0.2,0.1,2.5,0.8,1.3962,1.4001,0.0039,0.0016194,0.0026914,0,0,,,,,,,,,,,,,,,
0.69,1,12.5,0.2,0.1,2.5,0.9,1.384,1.3884,0.0044,0.043835,0.63191,0,0,,,,,,,,,,,,,,,
0.69,1,12.5,0.2,0.1,2.5,1,1.372,1.3769,0.0049,19.359,0.36474,0,0,,,,,,,,,,,,,,,
0.69,1,12.5,0.2,0.1,2.5,1.1,1.3604,1.3656,0.0052,2.4774,0.37741,0,0,,,,,,,,,,,,,,,
0.69,1,12.5,0.2,0.1,2.5,1.2,1.3493,1.3546,0.0053,2.2987,0.69572,0,0,,,,,,,,,,,,,,,
0.69,1,12.5,0.2,0.1,2.5,1.3,1.3387,1.3439,0.0052,3.5024,2.7539,0,0,,,,,,,,,,,,,,,
0.69,1,12.5,0.2,0.1,2.5,1.4,1.3287,1.3337,0.005,6.0943,2.8396,0,0,,,,,,,,,,,,,,,
0.69,1,12.5,0.2,0.1,2.5,1.5,1.3193,1.3241,0.0048,9.5576,5.2451,0,0,,,,,,,,,,,,,,,
0.69,1,12.5,0.2,0.1,2.5,1.6,1.3107,1.3152,0.0045,14.635,9.0102,0,0,,,,,,,,,,,,,,,
0.69,1,12.5,0.2,0.1,2.5,1.7,1.3028,1.3069,0.0041,21.611,15.375,0,0,,,,,,,,,,,,,,,
0.7,1.1,13,0.25,0.15,2.5,0.6,1.4278,1.4292,0.0014,7.54E-03,1.43E-03,1.24E-12,1.36E-12,,,,,,,,,,,,,,,
0.7,1.1,13,0.25,0.15,2.5,0.7,1.4164,1.4183,0.0019,0.013995,0.023778,1.48E-12,1.35E-12,,,,,,,,,,,,,,,
0.7,1.1,13,0.25,0.15,2.5,0.8,1.405,1.4075,0.0025,0.56635,3.2509,1.60E-12,1.49E-12,,,,,,,,,,,,,,,
0.7,1.1,13,0.25,0.15,2.5,0.9,1.3939,1.397,0.0031,2.7998,0.2829,1.72E-12,1.64E-12,,,,,,,,,,,,,,,
0.7,1.1,13,0.25,0.15,2.5,1,1.3832,1.3867,0.0035,1.2522,0.3439,1.84E-12,1.80E-12,,,,,,,,,,,,,,,
0.7,1.1,13,0.25,0.15,2.5,1.1,1.3731,1.3769,0.0038,1.6365,0.63098,1.98E-12,1.98E-12,,,,,,,,,,,,,,,
0.7,1.1,13,0.25,0.15,2.5,1.2,1.3636,1.3675,0.0039,3.0435,6.3312,2.14E-12,2.18E-12,,,,,,,,,,,,,,,
0.7,1.1,13,0.25,0.15,2.5,1.3,1.3547,1.3587,0.004,14.174,2.8081,2.31E-12,2.42E-12,,,,,,,,,,,,,,,
0.7,1.1,13,0.25,0.15,2.5,1.4,1.3465,1.3505,0.004,7.4904,3.9648,2.53E-12,2.70E-12,,,,,,,,,,,,,,,
0.7,1.1,13,0.25,0.15,2.5,1.5,1.339,1.3428,0.0038,10.472,6.4184,2.83E-12,3.06E-12,,,,,,,,,,,,,,,
0.7,1.1,13,0.25,0.15,2.5,1.6,1.3321,1.3357,0.0036,15.81,12.204,3.24E-12,3.55E-12,,,,,,,,,,,,,,,
0.7,1.1,13,0.2,0.1,2.5,0.6,1.4175,1.4189,0.0014,0.0096925,4.75E-04,0.00E+00,0.00E+00,,,,,,,,,,,,,,,
0.7,1.1,13,0.2,0.1,2.5,0.7,1.4246,1.4267,0.0021,0.002501,6.12E-04,0.00E+00,0.00E+00,,,,,,,,,,,,,,,
0.7,1.1,13,0.2,0.1,2.5,0.8,1.4147,1.4173,0.0026,0.0044668,1.53E-03,0.00E+00,0.00E+00,,,,,,,,,,,,,,,
0.7,1.1,13,0.2,0.1,2.5,0.9,1.4048,1.408,0.0032,0.011749,0.0056756,0.00E+00,0.00E+00,,,,,,,,,,,,,,,
0.7,1.1,13,0.2,0.1,2.5,1,1.3951,1.3986,0.0035,4.58E-02,4.29E-01,0.00E+00,0.00E+00,,,,,,,,,,,,,,,
0.7,1.1,13,0.2,0.1,2.5,1.1,1.3856,1.3894,0.0038,3.82E-01,6.02E-02,0.00E+00,0.00E+00,,,,,,,,,,,,,,,
0.7,1.1,13,0.2,0.1,2.5,1.2,1.3763,1.3802,0.0039,2.83E-01,1.34E-01,0.00E+00,0.00E+00,,,,,,,,,,,,,,,
0.7,1.1,13,0.2,0.1,2.5,1.3,1.3674,1.3714,0.004,5.81E-01,3.30E-01,0.00E+00,0.00E+00,,,,,,,,,,,,,,,
0.7,1.1,13,0.2,0.1,2.5,1.4,1.3588,1.3628,0.004,1.2641,0.89459,0.00E+00,0.00E+00,,,,,,,,,,,,,,,
0.7,1.1,13,0.2,0.1,2.5,1.5,1.3507,1.3565,0.0058,3.3098,4.3212,0.00E+00,0.00E+00,,,,,,,,,,,,,,,
0.7,1.25,13.5,0.2,0.1,2.5,0.6,1.4473,1.4481,0.0008,0.0025077,0.0031808,0.00E+00,0.00E+00,,,,,,,,,,,,,,,
0.7,1.25,13.5,0.2,0.1,2.5,0.7,1.4404,1.4415,0.0011,0.025542,4.1647,0.00E+00,0.00E+00,,,,,,,,,,,,,,,
0.7,1.25,13.5,0.2,0.1,2.5,0.8,1.4333,1.4348,0.0015,0.65871,0.03315,0.00E+00,0.00E+00,,,,,,,,,,,,,,,
0.7,1.25,13.5,0.2,0.1,2.5,0.9,1.4261,1.428,0.0019,0.1215,0.042249,0.00E+00,0.00E+00,,,,,,,,,,,,,,,
0.7,1.25,13.5,0.2,0.1,2.5,1,1.419,1.4211,0.0021,0.16785,0.089028,0.00E+00,0.00E+00,,,,,,,,,,,,,,,
0.7,1.25,13.5,0.2,0.1,2.5,1.1,1.4119,1.4143,0.0024,0.33449,0.21785,0.00E+00,0.00E+00,,,,,,,,,,,,,,,
0.7,1.25,13.5,0.2,0.1,2.5,1.2,1.405,1.4075,0.0025,0.73842,0.55228,0.00E+00,0.00E+00,,,,,,,,,,,,,,,
0.7,1.25,13.5,0.2,0.1,2.5,1.3,1.3982,1.4008,0.0026,1.6488,1.3776,0.00E+00,0.00E+00,,,,,,,,,,,,,,,
0.7,1.25,13.5,0.2,0.1,2.5,1.4,1.3916,1.3943,0.0027,3.5802,3.2917,0.00E+00,0.00E+00,,,,,,,,,,,,,,,
0.7,1.25,13.5,0.2,0.1,2.5,1.5,1.3853,1.3879,0.0026,7.4058,7.4069,0.00E+00,0.00E+00,,,,,,,,,,,,,,,
0.7,1.25,13.5,0.2,0.1,2.5,1.6,1.3793,1.3818,0.0025,14.443,15.526,0.00E+00,0.00E+00,,,,,,,,,,,,,,,
0.7,1.25,13.5,0.2,0.1,2.5,1.7,1.3734,1.3758,0.0024,26.342,29.977,0.00E+00,0.00E+00,,,,,,,,,,,,,,,
0.7,1.1,13,0.25,0.15,2.5,0.6,1.4278,1.4292,0.0014,0.0075369,0.00143,0.00E+00,0.00E+00,,,,,,,,,,,,,,,
0.7,1.1,13,0.25,0.15,2.5,0.7,1.4164,1.4183,0.0019,0.014044,0.023743,0.00E+00,0.00E+00,,,,,,,,,,,,,,,
0.7,1.1,13,0.25,0.15,2.5,0.8,1.4164,1.4183,0.0019,0.213024,0.1226,0.00E+00,0.00E+00,,,,,,,,,,,,,,,
0.7,1.1,13,0.25,0.15,2.5,0.9,1.3939,1.397,0.0031,2.7998,0.2829,0.00E+00,0.00E+00,,,,,,,,,,,,,,,
0.7,1.1,13,0.25,0.15,2.5,1,1.3832,1.3867,0.0035,1.2517,0.34432,0.00E+00,0.00E+00,,,,,,,,,,,,,,,
0.7,1.1,13,0.25,0.15,2.5,1.1,1.3731,1.3769,0.0038,1.639,0.63198,0.00E+00,0.00E+00,,,,,,,,,,,,,,,
0.7,1.1,13,0.25,0.15,2.5,1.2,1.3636,1.3675,0.0039,3.0476,6.3572,0.00E+00,0.00E+00,,,,,,,,,,,,,,,
0.7,1.1,13,0.25,0.15,2.5,1.3,1.3547,1.3587,0.004,14.175,2.8096,0.00E+00,0.00E+00,,,,,,,,,,,,,,,
0.7,1.1,13,0.25,0.15,2.5,1.4,1.3465,1.3505,0.004,7.4939,3.9666,0.00E+00,0.00E+00,,,,,,,,,,,,,,,
0.7,1.1,13,0.25,0.15,2.5,1.5,1.339,1.3428,0.0038,10.471,6.4179,0.00E+00,0.00E+00,,,,,,,,,,,,,,,
0.7,1.1,13,0.25,0.15,2.5,1.6,1.3321,1.3357,0.0036,15.809,12.203,0.00E+00,0.00E+00,,,,,,,,,,,,,,,
0.7,1.1,12.5,0.25,0.15,2.5,0.6,1.4278,1.4292,0.0014,0.0016377,0.0035539,0.00E+00,0.00E+00,,,,,,,,,,,,,,,
0.7,1.1,12.5,0.25,0.15,2.5,0.7,1.4164,1.4183,0.0019,0.43885,0.026196,0.00E+00,0.00E+00,,,,,,,,,,,,,,,
0.7,1.1,12.5,0.25,0.15,2.5,0.8,1.405,1.4075,0.0025,0.064101,0.014831,0.00E+00,0.00E+00,,,,,,,,,,,,,,,
0.7,1.1,12.5,0.25,0.15,2.5,0.9,1.3939,1.397,0.0031,0.077301,0.039212,0.00E+00,0.00E+00,,,,,,,,,,,,,,,
0.7,1.1,12.5,0.25,0.15,2.5,1,1.3832,1.3867,0.0035,0.25325,0.40463,0.00E+00,0.00E+00,,,,,,,,,,,,,,,
0.7,1.1,12.5,0.25,0.15,2.5,1.1,1.3731,1.3769,0.0038,4.8818,9.762,0.00E+00,0.00E+00,,,,,,,,,,,,,,,
0.7,1.1,12.5,0.25,0.15,2.5,1.2,1.3636,1.3675,0.0039,12.688,2.1575,0.00E+00,0.00E+00,,,,,,,,,,,,,,,
0.7,1.1,12.5,0.25,0.15,2.5,1.3,1.3547,1.3587,0.004,6.2727,2.8839,0.00E+00,0.00E+00,,,,,,,,,,,,,,,
0.7,1.1,12.5,0.25,0.15,2.5,1.4,1.3464,1.3504,0.004,8.0918,4.9872,0.00E+00,0.00E+00,,,,,,,,,,,,,,,
0.7,1.1,12.5,0.25,0.15,2.5,1.5,1.3388,1.3426,0.0038,12.346,8.8974,0.00E+00,0.00E+00,,,,,,,,,,,,,,,
0.7,1.1,12.5,0.25,0.15,2.5,1.6,1.3317,1.3354,0.0037,19.132,15.385,0.00E+00,0.00E+00,,,,,,,,,,,,,,,
0.71,1.1,13,0.25,0.15,2.5,0.6,1.4284,1.4284,0,0.0231271,0.0031167,0.00E+00,0.00E+00,,,,,,,,,,,,,,,
0.71,1.1,13,0.25,0.15,2.5,0.7,1.4153,1.4173,0.002,0.0069212,0.010481,0.00E+00,0.00E+00,,,,,,,,,,,,,,,
0.71,1.1,13,0.25,0.15,2.5,0.8,1.4063,1.4063,0,19.1793,12.793,0.00E+00,0.00E+00,,,,,,,,,,,,,,,
0.71,1.1,13,0.25,0.15,2.5,0.9,1.3924,1.3956,0.0032,2.8859,0.21051,0.00E+00,0.00E+00,,,,,,,,,,,,,,,
0.71,1.1,13,0.25,0.15,2.5,1,1.3815,1.3851,0.0036,0.97639,0.2491,0.00E+00,0.00E+00,,,,,,,,,,,,,,,
0.71,1.1,13,0.25,0.15,2.5,1.1,1.3712,1.3751,0.0039,1.2456,0.46126,0.00E+00,0.00E+00,,,,,,,,,,,,,,,
0.71,1.1,13,0.25,0.15,2.5,1.2,1.3614,1.3655,0.0041,2.2508,2.1206,0.00E+00,0.00E+00,,,,,,,,,,,,,,,
0.71,1.1,13,0.25,0.15,2.5,1.3,1.3523,1.3565,0.0042,54.755,2.5194,0.00E+00,0.00E+00,,,,,,,,,,,,,,,
0.71,1.1,13,0.25,0.15,2.5,1.4,1.3439,1.348,0.0041,6.4848,3.3039,0.00E+00,0.00E+00,,,,,,,,,,,,,,,
0.71,1.1,13,0.25,0.15,2.5,1.5,1.3361,1.3401,0.004,9.0404,5.4041,0.00E+00,0.00E+00,,,,,,,,,,,,,,,
0.71,1.1,13,0.25,0.15,2.5,1.6,1.329,1.3328,0.0038,13.573,9.8629,0.00E+00,0.00E+00,,,,,,,,,,,,,,,
0.71,1.1,13,0.2,0.1,2.5,0.6,1.4337,1.4353,0.0016,0.00019554,0.00029554,0.00E+00,0.00E+00,,,,,,,,,,,,,,,
0.71,1.1,13,0.2,0.1,2.5,0.7,1.4237,1.4259,0.0022,0.0016173,0.00036756,0.00E+00,0.00E+00,,,,,,,,,,,,,,,
0.71,1.1,13,0.2,0.1,2.5,0.8,1.4137,1.4164,0.0027,0.0028781,0.00095682,0.00E+00,0.00E+00,,,,,,,,,,,,,,,
0.71,1.1,13,0.2,0.1,2.5,0.9,1.4037,1.4069,0.0032,0.0077399,0.0034926,0.00E+00,0.00E+00,,,,,,,,,,,,,,,
0.71,1.1,13,0.2,0.1,2.5,1,1.3937,1.3973,0.0036,0.028634,75.56,0.00E+00,0.00E+00,,,,,,,,,,,,,,,
0.71,1.1,13,0.2,0.1,2.5,1.1,1.384,1.3879,0.0039,0.66072,0.046878,0.00E+00,0.00E+00,,,,,,,,,,,,,,,
0.71,1.1,13,0.2,0.1,2.5,1.2,1.3746,1.3786,0.004,0.22433,0.1021,0.00E+00,0.00E+00,,,,,,,,,,,,,,,
0.71,1.1,13,0.2,0.1,2.5,1.3,1.3654,1.3695,0.0041,0.45908,0.25546,0.00E+00,0.00E+00,,,,,,,,,,,,,,,
0.71,1.1,13,0.2,0.1,2.5,1.4,1.3566,1.3607,0.0041,1.009,0.68356,0.00E+00,0.00E+00,,,,,,,,,,,,,,,
0.71,1.1,13,0.2,0.1,2.5,1.5,1.3483,1.3523,0.004,2.5198,2.8135,0.00E+00,0.00E+00,,,,,,,,,,,,,,,
0.71,1.1,13,0.2,0.1,2.5,1.6,1.3405,1.3442,0.0037,14.06,78.587,0.00E+00,0.00E+00,,,,,,,,,,,,,,,
0.71,1,12.5,0.2,0.1,2.5,0.6,1.4191,1.4216,0.0025,3.13E-05,1.11E-06,0.00E+00,0.00E+00,,,,,,,,,,,,,,,
0.71,1,12.5,0.2,0.1,2.5,0.7,1.4061,1.4095,0.0034,0.010261,2.14E-05,0.00E+00,0.00E+00,,,,,,,,,,,,,,,
0.71,1,12.5,0.2,0.1,2.5,0.8,1.3932,1.3974,0.0042,4.41E-04,6.41E-04,0.00E+00,0.00E+00,,,,,,,,,,,,,,,
0.71,1,12.5,0.2,0.1,2.5,0.9,1.3806,1.3853,0.0047,0.011544,0.061972,0.00E+00,0.00E+00,,,,,,,,,,,,,,,
0.71,1,12.5,0.2,0.1,2.5,1,1.3682,1.3734,0.0052,1.0797,0.32565,0.00E+00,0.00E+00,,,,,,,,,,,,,,,
0.71,1,12.5,0.2,0.1,2.5,1.1,1.3561,1.3616,0.0055,2.4062,0.24643,0.00E+00,0.00E+00,,,,,,,,,,,,,,,
0.71,1,12.5,0.2,0.1,2.5,1.2,1.3444,1.35,0.0056,1.6638,0.4496,0.00E+00,0.00E+00,,,,,,,,,,,,,,,
0.71,1,12.5,0.2,0.1,2.5,1.3,1.3333,1.3388,0.0055,2.4811,0.95287,0.00E+00,0.00E+00,,,,,,,,,,,,,,,
0.71,1,12.5,0.2,0.1,2.5,1.4,1.3227,1.3281,0.0054,34.575,2.0009,0.00E+00,0.00E+00,,,,,,,,,,,,,,,
0.71,1,12.5,0.2,0.1,2.5,1.5,1.3128,1.3179,0.0051,7.2922,3.8742,0.00E+00,0.00E+00,,,,,,,,,,,,,,,
0.71,1,12.5,0.2,0.1,2.5,1.6,1.3036,1.3084,0.0048,11.66,6.9595,0.00E+00,0.00E+00,,,,,,,,,,,,,,,
0.71,1,12.5,0.2,0.1,2.5,1.7,1.2951,1.2995,0.0044,17.645,11.851,0.00E+00,0.00E+00,,,,,,,,,,,,,,,
0.71,1.25,13.5,0.2,0.1,2.5,0.6,1.4469,1.4477,0.0008,0.0015575,0.0018811,0.00E+00,0.00E+00,,,,,,,,,,,,,,,
0.71,1.25,13.5,0.2,0.1,2.5,0.7,1.4398,1.4411,0.0013,0.014777,134.07,0.00E+00,0.00E+00,,,,,,,,,,,,,,,
0.71,1.25,13.5,0.2,0.1,2.5,0.8,1.4326,1.4342,0.0016,0.67104,0.023602,0.00E+00,0.00E+00,,,,,,,,,,,,,,,
0.71,1.25,13.5,0.2,0.1,2.5,0.9,1.4254,1.4273,0.0019,0.089719,0.029947,0.00E+00,0.00E+00,,,,,,,,,,,,,,,
0.71,1.25,13.5,0.2,0.1,2.5,1,1.4181,1.4203,0.0022,0.12347,0.064499,0.00E+00,0.00E+00,,,,,,,,,,,,,,,
0.71,1.25,13.5,0.2,0.1,2.5,1.1,1.4109,1.4133,0.0024,0.25103,0.1622,0.00E+00,0.00E+00,,,,,,,,,,,,,,,
0.71,1.25,13.5,0.2,0.1,2.5,1.2,1.4038,1.4064,0.0026,0.56849,0.42303,0.00E+00,0.00E+00,,,,,,,,,,,,,,,
0.71,1.25,13.5,0.2,0.1,2.5,1.3,1.3969,1.3996,0.0027,1.305,1.0861,0.00E+00,0.00E+00,,,,,,,,,,,,,,,
0.71,1.25,13.5,0.2,0.1,2.5,1.4,1.3902,1.3929,0.0027,2.9127,2.6686,0.00E+00,0.00E+00,,,,,,,,,,,,,,,
0.71,1.25,13.5,0.2,0.1,2.5,1.5,1.3837,1.3864,0.0027,6.1914,6.1742,0.00E+00,0.00E+00,,,,,,,,,,,,,,,
0.71,1.25,13.5,0.2,0.1,2.5,1.6,1.3775,1.3801,0.0026,12.391,13.294,0.00E+00,0.00E+00,,,,,,,,,,,,,,,
0.71,1.25,13.5,0.2,0.1,2.5,1.7,1.3715,1.374,0.0025,23.177,26.371,0.00E+00,0.00E+00,,,,,,,,,,,,,,,
0.72,1,12.5,0.2,0.1,2.5,0.6,1.418,1.4207,0.0027,0.0042375,4.81E-07,0.00E+00,0.00E+00,,,,,,,,,,,,,,,
0.72,1,12.5,0.2,0.1,2.5,0.7,1.4048,1.4083,0.0035,4.67E-05,1.14E-05,0.00E+00,0.00E+00,,,,,,,,,,,,,,,
0.72,1,12.5,0.2,0.1,2.5,0.8,1.3917,1.396,0.0043,2.32E-04,3.16E-04,0.00E+00,0.00E+00,,,,,,,,,,,,,,,
0.72,1,12.5,0.2,0.1,2.5,0.9,1.3788,1.3837,0.0049,0.0060129,0.02468,0.00E+00,0.00E+00,,,,,,,,,,,,,,,
0.72,1,12.5,0.2,0.1,2.5,1,1.3662,1.3715,0.0053,0.40972,0.34584,0.00E+00,0.00E+00,,,,,,,,,,,,,,,
0.72,1,12.5,0.2,0.1,2.5,1.1,1.3539,1.3595,0.0056,2.6667,0.20211,0.00E+00,0.00E+00,,,,,,,,,,,,,,,
0.72,1,12.5,0.2,0.1,2.5,1.2,1.342,1.3477,0.0057,1.4376,0.36321,0.00E+00,0.00E+00,,,,,,,,,,,,,,,
0.72,1,12.5,0.2,0.1,2.5,1.3,1.3305,1.3363,0.0058,2.0995,0.77808,0.00E+00,0.00E+00,,,,,,,,,,,,,,,
0.72,1,12.5,0.2,0.1,2.5,1.4,1.3197,1.3252,0.0055,3.7587,1.6859,0.00E+00,0.00E+00,,,,,,,,,,,,,,,
0.72,1,12.5,0.2,0.1,2.5,1.5,1.3095,1.3148,0.0053,6.3694,3.3279,0.00E+00,0.00E+00,,,,,,,,,,,,,,,
0.72,1,12.5,0.2,0.1,2.5,1.6,1.3,1.3049,0.0049,10.391,6.1154,0.00E+00,0.00E+00,,,,,,,,,,,,,,,
0.72,1,12.5,0.2,0.1,2.5,1.7,1.2913,1.2958,0.0045,15.987,10.522,0.00E+00,0.00E+00,,,,,,,,,,,,,,,
0.72,1.1,13,0.2,0.1,2.5,0.6,1.4229,1.4251,0.0022,0.0005455,0.00012106,0.00E+00,0.00E+00,,,,,,,,,,,,,,,
0.72,1.1,13,0.2,0.1,2.5,0.7,1.4229,1.4251,0.0022,0.0010455,0.00022106,0.00E+00,0.00E+00,,,,,,,,,,,,,,,
0.72,1.1,13,0.2,0.1,2.5,0.8,1.4126,1.4154,0.0028,0.0018445,0.00059578,0.00E+00,0.00E+00,,,,,,,,,,,,,,,
0.72,1.1,13,0.2,0.1,2.5,0.9,1.4025,1.4057,0.0032,0.0051367,0.0022068,0.00E+00,0.00E+00,,,,,,,,,,,,,,,
0.72,1.1,13,0.2,0.1,2.5,1,1.3924,1.3961,0.0037,0.018484,0.16117,0.00E+00,0.00E+00,,,,,,,,,,,,,,,
0.72,1.1,13,0.2,0.1,2.5,1.1,1.3825,1.3864,0.0039,3.9105,0.037117,0.00E+00,0.00E+00,,,,,,,,,,,,,,,
0.72,1.1,13,0.2,0.1,2.5,1.2,1.3728,1.377,0.0042,0.18009,0.07785,0.00E+00,0.00E+00,,,,,,,,,,,,,,,
0.72,1.1,13,0.2,0.1,2.5,1.3,1.3634,1.3677,0.0043,0.36221,0.1978,0.00E+00,0.00E+00,,,,,,,,,,,,,,,
0.72,1.1,13,0.2,0.1,2.5,1.4,1.3545,1.3586,0.0041,0.80652,0.52726,0.00E+00,0.00E+00,,,,,,,,,,,,,,,
0.72,1.1,13,0.2,0.1,2.5,1.5,1.3459,1.35,0.0041,1.9585,1.9342,0.00E+00,0.00E+00,,,,,,,,,,,,,,,
0.72,1.1,13,0.2,0.1,2.5,1.6,1.3378,1.3417,0.0039,8.6092,28.678,0.00E+00,0.00E+00,,,,,,,,,,,,,,,
0.72,1.25,13.5,0.2,0.1,2.5,0.6,1.4465,1.4473,0.0008,9.63E-04,0.0011101,0.00E+00,0.00E+00,,,,,,,,,,,,,,,
0.72,1.25,13.5,0.2,0.1,2.5,0.7,1.4393,1.4406,0.0013,0.0086142,3.5549,0.00E+00,0.00E+00,,,,,,,,,,,,,,,
0.72,1.25,13.5,0.2,0.1,2.5,0.8,1.432,1.4336,0.0016,0.7291,0.016645,0.00E+00,0.00E+00,,,,,,,,,,,,,,,
0.72,1.25,13.5,0.2,0.1,2.5,0.9,1.4246,1.4266,0.002,0.065735,0.021072,0.00E+00,0.00E+00,,,,,,,,,,,,,,,
0.72,1.25,13.5,0.2,0.1,2.5,1,1.4172,1.4195,0.0023,0.090209,0.046439,0.00E+00,0.00E+00,,,,,,,,,,,,,,,
0.72,1.25,13.5,0.2,0.1,2.5,1.1,1.4099,1.4124,0.0025,0.18719,0.12009,0.00E+00,0.00E+00,,,,,,,,,,,,,,,
0.72,1.25,13.5,0.2,0.1,2.5,1.2,1.4027,1.4054,0.0027,0.43532,0.32245,0.00E+00,0.00E+00,,,,,,,,,,,,,,,
0.72,1.25,13.5,0.2,0.1,2.5,1.3,1.3956,1.3984,0.0028,1.0274,0.85194,0.00E+00,0.00E+00,,,,,,,,,,,,,,,
0.72,1.25,13.5,0.2,0.1,2.5,1.4,1.3888,1.3916,0.0028,2.3574,2.1532,0.00E+00,0.00E+00,,,,,,,,,,,,,,,
0.72,1.25,13.5,0.2,0.1,2.5,1.5,1.3821,1.3849,0.0028,5.1466,5.1184,0.00E+00,0.00E+00,,,,,,,,,,,,,,,
0.72,1.25,13.5,0.2,0.1,2.5,1.6,1.3758,1.3785,0.0027,10.573,11.323,0.00E+00,0.00E+00,,,,,,,,,,,,,,,
0.72,1.1,12.5,0.25,0.15,2.5,0.6,1.426,1.4276,0.0016,0.00035098,0.00059618,0.00E+00,0.00E+00,,,,,,,,,,,,,,,
0.72,1.1,12.5,0.25,0.15,2.5,0.7,1.4142,1.4163,0.0021,0.027078,0.019963,0.00E+00,0.00E+00,,,,,,,,,,,,,,,
0.72,1.1,12.5,0.25,0.15,2.5,0.8,1.4024,1.4051,0.0027,0.036634,0.0064345,0.00E+00,0.00E+00,,,,,,,,,,,,,,,
0.72,1.1,12.5,0.25,0.15,2.5,0.9,1.3942,1.3881,0.0061,0.126508,0.016408,0.00E+00,0.00E+00,,,,,,,,,,,,,,,
0.72,1.1,12.5,0.25,0.15,2.5,1,1.3798,1.3835,0.0037,0.11207,0.14856,0.00E+00,0.00E+00,,,,,,,,,,,,,,,
0.72,1.1,12.5,0.25,0.15,2.5,1.1,1.3692,1.3733,0.0041,1.5221,12.803,0.00E+00,0.00E+00,,,,,,,,,,,,,,,
0.72,1.1,12.5,0.25,0.15,2.5,1.2,1.3592,1.3635,0.0043,12.684,1.3654,0.00E+00,0.00E+00,,,,,,,,,,,,,,,
0.72,1.1,12.5,0.25,0.15,2.5,1.3,1.3499,1.3542,0.0043,4.4011,1.8331,0.00E+00,0.00E+00,,,,,,,,,,,,,,,
0.72,1.1,12.5,0.25,0.15,2.5,1.4,1.3412,1.3455,0.0043,5.6816,3.3342,0.00E+00,0.00E+00,,,,,,,,,,,,,,,
0.72,1.1,12.5,0.25,0.15,2.5,1.5,1.3331,1.3373,0.0042,9.0338,6.3002,0.00E+00,0.00E+00,,,,,,,,,,,,,,,
0.72,1.1,12.5,0.25,0.15,2.5,1.6,1.3256,1.3296,0.004,14.676,11.515,0.00E+00,0.00E+00,,,,,,,,,,,,,,,
0.73,1.1,12.5,0.25,0.15,2.5,0.6,1.4251,1.4267,0.0016,0.00016287,0.0002494,0.00E+00,0.00E+00,,,,,,,,,,,,,,,
0.73,1.1,12.5,0.25,0.15,2.5,0.7,1.4131,1.4153,0.0022,0.0093892,0.020494,0.00E+00,0.00E+00,,,,,,,,,,,,,,,
0.73,1.1,12.5,0.25,0.15,2.5,0.8,1.4011,1.4039,0.0028,0.02841,0.0042089,0.00E+00,0.00E+00,,,,,,,,,,,,,,,
0.73,1.1,12.5,0.25,0.15,2.5,0.9,1.3995,1.3927,0.0068,0.0020163,0.010563,0.00E+00,0.00E+00,,,,,,,,,,,,,,,
0.73,1.1,12.5,0.25,0.15,2.5,1,1.378,1.3819,0.0039,0.074729,0.091676,0.00E+00,0.00E+00,,,,,,,,,,,,,,,
0.73,1.1,12.5,0.25,0.15,2.5,1.1,1.3673,1.3715,0.0042,0.9032,16.909,0.00E+00,0.00E+00,,,,,,,,,,,,,,,
0.73,1.1,12.5,0.25,0.15,2.5,1.2,1.3571,1.3615,0.0044,13.153,1.0737,0.00E+00,0.00E+00,,,,,,,,,,,,,,,
0.73,1.1,12.5,0.25,0.15,2.5,1.3,1.3475,1.352,0.0045,3.6518,1.4472,0.00E+00,0.00E+00,,,,,,,,,,,,,,,
0.73,1.1,12.5,0.25,0.15,2.5,1.4,1.3385,1.343,0.0045,4.7158,2.7026,0.00E+00,0.00E+00,,,,,,,,,,,,,,,
0.73,1.1,12.5,0.25,0.15,2.5,1.5,1.3302,1.3346,0.0044,7.662,5.2598,0.00E+00,0.00E+00,,,,,,,,,,,,,,,
0.73,1.1,12.5,0.25,0.15,2.5,1.6,1.3225,1.3267,0.0042,12.76,9.8933,0.00E+00,0.00E+00,,,,,,,,,,,,,,,
0.73,1,12.5,0.2,0.1,2.5,0.6,1.417,1.4197,0.0027,1.31E-05,4.78E-07,0.00E+00,0.00E+00,,,,,,,,,,,,,,,
0.73,1,12.5,0.2,0.1,2.5,0.7,1.4035,1.4071,0.0036,1.07E-05,9.84E-06,0.00E+00,0.00E+00,,,,,,,,,,,,,,,
0.73,1,12.5,0.2,0.1,2.5,0.8,1.3902,1.3946,0.0044,1.24E-04,1.57E-04,0.00E+00,0.00E+00,,,,,,,,,,,,,,,
0.73,1,12.5,0.2,0.1,2.5,0.9,1.377,1.3821,0.0051,0.003163,0.010616,0.00E+00,0.00E+00,,,,,,,,,,,,,,,
0.73,1,12.5,0.2,0.1,2.5,1,1.3642,1.3697,0.0055,0.17664,0.42991,0.00E+00,0.00E+00,,,,,,,,,,,,,,,
0.73,1,12.5,0.2,0.1,2.5,1.1,1.3516,1.3574,0.0058,3.3336,0.16844,0.00E+00,0.00E+00,,,,,,,,,,,,,,,
0.73,1,12.5,0.2,0.1,2.5,1.2,1.3395,1.3454,0.0059,1.2185,0.30515,0.00E+00,0.00E+00,,,,,,,,,,,,,,,
0.73,1,12.5,0.2,0.1,2.5,1.3,1.3278,1.3337,0.0059,1.7866,0.63932,0.00E+00,0.00E+00,,,,,,,,,,,,,,,
0.73,1,12.5,0.2,0.1,2.5,1.4,1.3166,1.3224,0.0058,3.1261,1.439,0.00E+00,0.00E+00,,,,,,,,,,,,,,,
0.73,1,12.5,0.2,0.1,2.5,1.5,1.3061,1.3116,0.0055,5.5717,2.86,0.00E+00,0.00E+00,,,,,,,,,,,,,,,
0.73,1,12.5,0.2,0.1,2.5,1.6,1.2964,1.3015,0.0051,9.2572,5.375,0.00E+00,0.00E+00,,,,,,,,,,,,,,,
0.73,1,12.5,0.2,0.1,2.5,1.7,1.2874,1.2921,0.0047,1.2874,9.3788,0.00E+00,0.00E+00,,,,,,,,,,,,,,,
0.73,1.1,13,0.2,0.1,2.5,0.6,1.4305,1.4318,0.0013,0.00071967,0.00010649,0.00E+00,0.00E+00,,,,,,,,,,,,,,,
0.73,1.1,13,0.2,0.1,2.5,0.7,1.422,1.4243,0.0023,0.00067693,0.00013103,0.00E+00,0.00E+00,,,,,,,,,,,,,,,
0.73,1.1,13,0.2,0.1,2.5,0.8,1.4116,1.4145,0.0029,0.0011796,0.00036833,0.00E+00,0.00E+00,,,,,,,,,,,,,,,
0.73,1.1,13,0.2,0.1,2.5,0.9,1.4012,1.4046,0.0034,0.003017,0.0016026,0.00E+00,0.00E+00,,,,,,,,,,,,,,,
0.73,1.1,13,0.2,0.1,2.5,1,1.391,1.3948,0.0038,0.012153,0.03171,0.00E+00,0.00E+00,,,,,,,,,,,,,,,
0.73,1.1,13,0.2,0.1,2.5,1.1,1.3809,1.385,0.0041,2.7255,0.030138,0.00E+00,0.00E+00,,,,,,,,,,,,,,,
0.73,1.1,13,0.2,0.1,2.5,1.2,1.371,1.3753,0.0043,0.14691,0.059351,0.00E+00,0.00E+00,,,,,,,,,,,,,,,
0.73,1.1,13,0.2,0.1,2.5,1.3,1.3615,1.3658,0.0043,0.2862,0.15329,0.00E+00,0.00E+00,,,,,,,,,,,,,,,
0.73,1.1,13,0.2,0.1,2.5,1.4,1.3522,1.3566,0.0044,0.64577,0.40982,0.00E+00,0.00E+00,,,,,,,,,,,,,,,
0.73,1.1,13,0.2,0.1,2.5,1.5,1.3435,1.3477,0.0042,1.5442,1.384,0.00E+00,0.00E+00,,,,,,,,,,,,,,,
0.73,1.1,13,0.2,0.1,2.5,1.6,1.3352,1.3392,0.004,5.721,13.486,0.00E+00,0.00E+00,,,,,,,,,,,,,,,
0.73,1.25,13.5,0.2,0.1,2.5,0.6,1.446,1.4469,0.0009,5.92E-04,6.50E-04,0.00E+00,0.00E+00,,,,,,,,,,,,,,,
0.73,1.25,13.5,0.2,0.1,2.5,0.7,1.4388,1.4401,0.0013,0.005053,0.52255,0.00E+00,0.00E+00,,,,,,,,,,,,,,,
0.73,1.25,13.5,0.2,0.1,2.5,0.8,1.4314,1.433,0.0016,0.88327,0.011628,0.00E+00,0.00E+00,,,,,,,,,,,,,,,
0.73,1.25,13.5,0.2,0.1,2.5,0.9,1.4239,1.4259,0.002,0.047771,0.014718,0.00E+00,0.00E+00,,,,,,,,,,,,,,,
0.73,1.25,13.5,0.2,0.1,2.5,1,1.4164,1.4187,0.0023,0.065458,0.03323,0.00E+00,0.00E+00,,,,,,,,,,,,,,,
0.73,1.25,13.5,0.2,0.1,2.5,1.1,1.4089,1.4115,0.0026,0.13877,0.088419,0.00E+00,0.00E+00,,,,,,,,,,,,,,,
0.73,1.25,13.5,0.2,0.1,2.5,1.2,1.4015,1.4043,0.0028,0.33143,0.24455,0.00E+00,0.00E+00,,,,,,,,,,,,,,,
0.73,1.25,13.5,0.2,0.1,2.5,1.3,1.3943,1.3972,0.0029,0.80459,0.66524,0.00E+00,0.00E+00,,,,,,,,,,,,,,,
0.73,1.25,13.5,0.2,0.1,2.5,1.4,1.3873,1.3902,0.0029,1.8985,1.7296,0.00E+00,0.00E+00,,,,,,,,,,,,,,,
0.73,1.25,13.5,0.2,0.1,2.5,1.5,1.3805,1.3834,0.0029,4.2601,4.2275,0.00E+00,0.00E+00,,,,,,,,,,,,,,,
0.73,1.25,13.5,0.2,0.1,2.5,1.6,1.374,1.3768,0.0028,8.9841,9.6078,0.00E+00,0.00E+00,,,,,,,,,,,,,,,
0.73,1.25,13.5,0.2,0.1,2.5,1.7,1.3677,1.3704,0.0027,17.677,20.111,0.00E+00,0.00E+00,,,,,,,,,,,,,,,
0.74,1.1,12.5,0.25,0.15,2.5,0.6,1.4242,1.4259,0.0017,0.000074963,0.00010694,0.00E+00,0.00E+00,,,,,,,,,,,,,,,
0.74,1.1,12.5,0.25,0.15,2.5,0.7,1.4119,1.4142,0.0023,0.0035552,0.026842,0.00E+00,0.00E+00,,,,,,,,,,,,,,,
0.74,1.1,12.5,0.25,0.15,2.5,0.8,1.3997,1.4026,0.0029,0.022647,0.0027405,0.00E+00,0.00E+00,,,,,,,,,,,,,,,
0.74,1.1,12.5,0.25,0.15,2.5,0.9,1.3913,1.3913,0,0.026172,0.006772,0.00E+00,0.00E+00,,,,,,,,,,,,,,,
0.74,1.1,12.5,0.25,0.15,2.5,1,1.3763,1.3803,0.004,0.049835,0.057045,0.00E+00,0.00E+00,,,,,,,,,,,,,,,
0.74,1.1,12.5,0.25,0.15,2.5,1.1,1.3653,1.3697,0.0044,0.55015,26.848,0.00E+00,0.00E+00,,,,,,,,,,,,,,,
0.74,1.1,12.5,0.25,0.15,2.5,1.2,1.3549,1.3595,0.0046,14.108,0.83796,0.00E+00,0.00E+00,,,,,,,,,,,,,,,
0.74,1.1,12.5,0.25,0.15,2.5,1.3,1.345,1.3497,0.0047,3.0114,1.1359,0.00E+00,0.00E+00,,,,,,,,,,,,,,,
0.74,1.1,12.5,0.25,0.15,2.5,1.4,1.3359,1.3405,0.0046,3.8921,2.1795,0.00E+00,0.00E+00,,,,,,,,,,,,,,,
0.74,1.1,12.5,0.25,0.15,2.5,1.5,1.3273,1.3319,0.0046,6.4655,4.3713,0.00E+00,0.00E+00,,,,,,,,,,,,,,,
0.74,1.1,12.5,0.25,0.15,2.5,1.6,1.3194,1.3238,0.0044,11.042,8.4623,0.00E+00,0.00E+00,,,,,,,,,,,,,,,
0.74,1,12.5,0.2,0.1,2.5,0.6,1.4158,1.4186,0.0028,7.37E-07,1.30E-07,0.00E+00,0.00E+00,,,,,,,,,,,,,,,
0.74,1,12.5,0.2,0.1,2.5,0.7,1.4022,1.4059,0.0037,3.90E-06,6.70E-06,0.00E+00,0.00E+00,,,,,,,,,,,,,,,
0.74,1,12.5,0.2,0.1,2.5,0.8,1.3886,1.3931,0.0045,6.81E-05,7.85E-05,0.00E+00,0.00E+00,,,,,,,,,,,,,,,
0.74,1,12.5,0.2,0.1,2.5,0.9,1.3752,1.3804,0.0052,0.0017012,0.0048271,0.00E+00,0.00E+00,,,,,,,,,,,,,,,
0.74,1,12.5,0.2,0.1,2.5,1,1.3621,1.3678,0.0057,0.081027,0.70468,0.00E+00,0.00E+00,,,,,,,,,,,,,,,
0.74,1,12.5,0.2,0.1,2.5,1.1,1.3494,1.3553,0.0059,5.4499,0.14237,0.00E+00,0.00E+00,,,,,,,,,,,,,,,
0.74,1,12.5,0.2,0.1,2.5,1.2,1.3369,1.343,0.0061,1.1264,0.24143,0.00E+00,0.00E+00,,,,,,,,,,,,,,,
0.74,1,12.5,0.2,0.1,2.5,1.3,1.325,1.331,0.006,1.5296,0.52738,0.00E+00,0.00E+00,,,,,,,,,,,,,,,
0.74,1,12.5,0.2,0.1,2.5,1.4,1.3135,1.3195,0.006,2.6763,1.4706,0.00E+00,0.00E+00,,,,,,,,,,,,,,,
0.74,1,12.5,0.2,0.1,2.5,1.5,1.3028,1.3084,0.0056,4.893,2.4601,0.00E+00,0.00E+00,,,,,,,,,,,,,,,
0.74,1,12.5,0.2,0.1,2.5,1.6,1.2927,1.298,0.0053,8.2478,4.726,0.00E+00,0.00E+00,,,,,,,,,,,,,,,
0.74,1,12.5,0.2,0.1,2.5,1.7,1.2834,1.2883,0.0049,13.151,8.3814,0.00E+00,0.00E+00,,,,,,,,,,,,,,,
0.74,1.1,13,0.2,0.1,2.5,0.6,1.4316,1.4333,0.0017,0.0025371,0.000074495,0.00E+00,0.00E+00,,,,,,,,,,,,,,,
0.74,1.1,13,0.2,0.1,2.5,0.7,1.4211,1.4234,0.0023,0.00044277,0.000077425,0.00E+00,0.00E+00,,,,,,,,,,,,,,,
0.74,1.1,13,0.2,0.1,2.5,0.8,1.4105,1.4135,0.003,0.00075152,0.00022635,0.00E+00,0.00E+00,,,,,,,,,,,,,,,
0.74,1.1,13,0.2,0.1,2.5,0.9,1.4,1.4035,0.0035,0.0059369,0.0030502,0.00E+00,0.00E+00,,,,,,,,,,,,,,,
0.74,1.1,13,0.2,0.1,2.5,1,1.3896,1.3935,0.0039,0.0080766,0.011132,0.00E+00,0.00E+00,,,,,,,,,,,,,,,
0.74,1.1,13,0.2,0.1,2.5,1.1,1.3793,1.3835,0.0042,0.23577,0.02543,0.00E+00,0.00E+00,,,,,,,,,,,,,,,
0.74,1.1,13,0.2,0.1,2.5,1.2,1.3692,1.3736,0.0044,0.12309,0.045374,0.00E+00,0.00E+00,,,,,,,,,,,,,,,
0.74,1.1,13,0.2,0.1,2.5,1.3,1.3595,1.3639,0.0044,0.22646,0.11883,0.00E+00,0.00E+00,,,,,,,,,,,,,,,
0.74,1.1,13,0.2,0.1,2.5,1.4,1.35,1.3545,0.0045,0.51727,0.32005,0.00E+00,0.00E+00,,,,,,,,,,,,,,,
0.74,1.1,13,0.2,0.1,2.5,1.5,1.341,1.3454,0.0044,1.2301,1.0204,0.00E+00,0.00E+00,,,,,,,,,,,,,,,
0.74,1.1,13,0.2,0.1,2.5,1.6,1.3325,1.3366,0.0041,4.0311,7.3648,0.00E+00,0.00E+00,,,,,,,,,,,,,,,
0.74,1.25,13.5,0.2,0.1,2.5,0.6,1.4456,1.4465,0.0009,3.62E-04,3.84E-04,0.00E+00,0.00E+00,,,,,,,,,,,,,,,
0.74,1.25,13.5,0.2,0.1,2.5,0.7,1.4383,1.4396,0.0013,0.0029689,0.1507,0.00E+00,0.00E+00,,,,,,,,,,,,,,,
0.74,1.25,13.5,0.2,0.1,2.5,0.8,1.4307,1.4324,0.0017,1.2934,0.0080415,0.00E+00,0.00E+00,,,,,,,,,,,,,,,
0.74,1.25,13.5,0.2,0.1,2.5,0.9,1.4231,1.4252,0.0021,0.034421,0.010193,0.00E+00,0.00E+00,,,,,,,,,,,,,,,
0.74,1.25,13.5,0.2,0.1,2.5,1,1.4155,1.4179,0.0024,0.0472,0.023562,0.00E+00,0.00E+00,,,,,,,,,,,,,,,
0.74,1.25,13.5,0.2,0.1,2.5,1.1,1.4079,1.4105,0.0026,0.10228,0.064763,0.00E+00,0.00E+00,,,,,,,,,,,,,,,
0.74,1.25,13.5,0.2,0.1,2.5,1.2,1.4004,1.4032,0.0028,0.25104,0.18458,0.00E+00,0.00E+00,,,,,,,,,,,,,,,
0.74,1.25,13.5,0.2,0.1,2.5,1.3,1.393,1.396,0.003,0.62699,0.51712,0.00E+00,0.00E+00,,,,,,,,,,,,,,,
0.74,1.25,13.5,0.2,0.1,2.5,1.4,1.3859,1.3888,0.0029,1.5216,1.3835,0.00E+00,0.00E+00,,,,,,,,,,,,,,,
0.74,1.25,13.5,0.2,0.1,2.5,1.5,1.3789,1.3819,0.003,3.5091,3.4763,0.00E+00,0.00E+00,,,,,,,,,,,,,,,
0.74,1.25,13.5,0.2,0.1,2.5,1.6,1.3722,1.3751,0.0029,7.5979,8.1166,0.00E+00,0.00E+00,,,,,,,,,,,,,,,
0.74,1.25,13.5,0.2,0.1,2.5,1.7,1.3658,1.3686,0.0028,15.335,17.449,0.00E+00,0.00E+00,,,,,,,,,,,,,,,
0.75,1.1,12.5,0.25,0.15,2.5,0.6,1.4233,1.425,0.0017,0.000033626,0.000046143,0.00E+00,0.00E+00,,,,,,,,,,,,,,,
0.75,1.1,12.5,0.25,0.15,2.5,0.7,1.4108,1.4131,0.0023,0.0014242,0.066436,0.00E+00,0.00E+00,,,,,,,,,,,,,,,
0.75,1.1,12.5,0.25,0.15,2.5,0.8,1.3984,1.4014,0.003,0.018744,0.001776,0.00E+00,0.00E+00,,,,,,,,,,,,,,,
0.75,1.1,12.5,0.25,0.15,2.5,0.9,1.3862,1.3899,0.0037,0.011296,0.0043208,0.00E+00,0.00E+00,,,,,,,,,,,,,,,
0.75,1.1,12.5,0.25,0.15,2.5,1,1.3745,1.3786,0.0041,0.033211,0.035706,0.00E+00,0.00E+00,,,,,,,,,,,,,,,
0.75,1.1,12.5,0.25,0.15,2.5,1.1,1.3633,1.3678,0.0045,0.34189,62.025,0.00E+00,0.00E+00,,,,,,,,,,,,,,,
0.75,1.1,12.5,0.25,0.15,2.5,1.2,1.3527,1.3574,0.0047,15.813,0.64843,0.00E+00,0.00E+00,,,,,,,,,,,,,,,
0.75,1.1,12.5,0.25,0.15,2.5,1.3,1.3426,1.3475,0.0049,2.467,0.88623,0.00E+00,0.00E+00,,,,,,,,,,,,,,,
0.75,1.1,12.5,0.25,0.15,2.5,1.4,1.3332,1.338,0.0048,3.1936,1.7488,0.00E+00,0.00E+00,,,,,,,,,,,,,,,
0.75,1.1,12.5,0.25,0.15,2.5,1.5,1.3244,1.3292,0.0048,5.4281,3.6165,0.00E+00,0.00E+00,,,,,,,,,,,,,,,
0.75,1.1,12.5,0.25,0.15,2.5,1.6,1.3163,1.3208,0.0045,9.5141,7.211,0.00E+00,0.00E+00,,,,,,,,,,,,,,,
0.75,1.1,13,0.2,0.1,2.5,0.6,1.4309,1.4326,0.0017,3.92E-04,4.98E-05,0.00E+00,0.00E+00,,,,,,,,,,,,,,,
0.75,1.1,13,0.2,0.1,2.5,0.7,1.4202,1.4226,0.0024,2.91E-04,4.54E-05,0.00E+00,0.00E+00,,,,,,,,,,,,,,,
0.75,1.1,13,0.2,0.1,2.5,0.8,1.4095,1.4125,0.003,4.79E-04,1.38E-04,0.00E+00,0.00E+00,,,,,,,,,,,,,,,
0.75,1.1,13,0.2,0.1,2.5,0.9,1.3988,1.4023,0.0035,0.0013364,0.0025213,0.00E+00,0.00E+00,,,,,,,,,,,,,,,
0.75,1.1,13,0.2,0.1,2.5,1,1.3881,1.3921,0.004,0.0054067,0.0050874,0.00E+00,0.00E+00,,,,,,,,,,,,,,,
0.75,1.1,13,0.2,0.1,2.5,1.1,1.3777,1.382,0.0043,0.070157,0.022776,0.00E+00,0.00E+00,,,,,,,,,,,,,,,
0.75,1.1,13,0.2,0.1,2.5,1.2,1.3674,1.3719,0.0045,0.10722,0.034799,0.00E+00,0.00E+00,,,,,,,,,,,,,,,
0.75,1.1,13,0.2,0.1,2.5,1.3,1.3574,1.362,0.0046,0.17959,0.09215,0.00E+00,0.00E+00,,,,,,,,,,,,,,,
0.75,1.1,13,0.2,0.1,2.5,1.4,1.3478,1.3524,0.0046,0.41459,0.25093,0.00E+00,0.00E+00,,,,,,,,,,,,,,,
0.75,1.1,13,0.2,0.1,2.5,1.5,1.3386,1.343,0.0044,0.98709,0.76939,0.00E+00,0.00E+00,,,,,,,,,,,,,,,
0.75,1.1,13,0.2,0.1,2.5,1.6,1.3298,1.3341,0.0043,2.9657,4.4448,0.00E+00,0.00E+00,,,,,,,,,,,,,,,
0.75,1.1,13,0.2,0.1,2.5,1.7,1.3215,1.3255,0.004,27.734,485.12,0.00E+00,0.00E+00,,,,,,,,,,,,,,,
0.75,1.25,13.5,0.2,0.1,2.5,0.6,1.4452,1.4461,0.0009,2.22E-04,2.28E-04,0.00E+00,0.00E+00,,,,,,,,,,,,,,,
0.75,1.25,13.5,0.2,0.1,2.5,0.7,1.4377,1.4391,0.0014,0.0017474,0.055914,0.00E+00,0.00E+00,,,,,,,,,,,,,,,
0.75,1.25,13.5,0.2,0.1,2.5,0.8,1.4301,1.4318,0.0017,2.8748,0.0055046,0.00E+00,0.00E+00,,,,,,,,,,,,,,,
0.75,1.25,13.5,0.2,0.1,2.5,0.9,1.4224,1.4245,0.0021,0.024601,0.007014,0.00E+00,0.00E+00,,,,,,,,,,,,,,,
0.75,1.25,13.5,0.2,0.1,2.5,1,1.4146,1.417,0.0024,0.033753,0.016698,0.00E+00,0.00E+00,,,,,,,,,,,,,,,
0.75,1.25,13.5,0.2,0.1,2.5,1.1,1.4069,1.4096,0.0027,0.074951,0.047195,0.00E+00,0.00E+00,,,,,,,,,,,,,,,
0.75,1.25,13.5,0.2,0.1,2.5,1.2,1.3992,1.4021,0.0029,0.18917,0.13866,0.00E+00,0.00E+00,,,,,,,,,,,,,,,
0.75,1.25,13.5,0.2,0.1,2.5,1.3,1.3917,1.3947,0.003,0.48618,0.40025,0.00E+00,0.00E+00,,,,,,,,,,,,,,,
0.75,1.25,13.5,0.2,0.1,2.5,1.4,1.3844,1.3875,0.0031,1.214,1.1022,0.00E+00,0.00E+00,,,,,,,,,,,,,,,
0.75,1.25,13.5,0.2,0.1,2.5,1.5,1.3773,1.3804,0.0031,2.8779,2.8473,0.00E+00,0.00E+00,,,,,,,,,,,,,,,
0.75,1.25,13.5,0.2,0.1,2.5,1.6,1.3705,1.3735,0.003,6.3979,6.8286,0.00E+00,0.00E+00,,,,,,,,,,,,,,,
0.75,1.25,13.5,0.2,0.1,2.5,1.7,1.3639,1.3668,0.0029,13.249,15.079,0.00E+00,0.00E+00,,,,,,,,,,,,,,,
0.76,1.1,12.5,0.25,0.15,2.5,0.6,1.4223,1.4241,0.0018,8.76E-06,0.000020281,0.00E+00,0.00E+00,,,,,,,,,,,,,,,
0.76,1.1,12.5,0.25,0.15,2.5,0.7,1.4096,1.4121,0.0025,0.00059092,2.7922,0.00E+00,0.00E+00,,,,,,,,,,,,,,,
0.76,1.1,12.5,0.25,0.15,2.5,0.8,1.397,1.4001,0.0031,0.016436,0.0011457,0.00E+00,0.00E+00,,,,,,,,,,,,,,,
0.76,1.1,12.5,0.25,0.15,2.5,0.9,1.3846,1.3884,0.0038,0.0076158,0.0027446,0.00E+00,0.00E+00,,,,,,,,,,,,,,,
0.76,1.1,12.5,0.25,0.15,2.5,1,1.3727,1.377,0.0043,0.022103,0.02245,0.00E+00,0.00E+00,,,,,,,,,,,,,,,
0.76,1.1,12.5,0.25,0.15,2.5,1.1,1.3613,1.3713,0.01,0.21584,0.31611,0.00E+00,0.00E+00,,,,,,,,,,,,,,,
0.76,1.1,12.5,0.25,0.15,2.5,1.2,1.3504,1.3553,0.0049,18.892,0.49781,0.00E+00,0.00E+00,,,,,,,,,,,,,,,
0.76,1.1,12.5,0.25,0.15,2.5,1.3,1.3402,1.3452,0.005,2.008,0.68757,0.00E+00,0.00E+00,,,,,,,,,,,,,,,
0.76,1.1,12.5,0.25,0.15,2.5,1.4,1.3305,1.3355,0.005,2.6062,1.397,0.00E+00,0.00E+00,,,,,,,,,,,,,,,
0.76,1.1,12.5,0.25,0.15,2.5,1.5,1.3215,1.3264,0.0049,4.5351,2.9795,0.00E+00,0.00E+00,,,,,,,,,,,,,,,
0.76,1.1,12.5,0.25,0.15,2.5,1.6,1.3132,1.3179,0.0047,8.1617,6.12,0.00E+00,0.00E+00,,,,,,,,,,,,,,,
0.76,1.1,13,0.2,0.1,2.5,0.6,1.4301,1.4319,0.0018,9.14E-05,3.47E-05,0.00E+00,0.00E+00,,,,,,,,,,,,,,,
0.76,1.1,13,0.2,0.1,2.5,0.7,1.4193,1.4217,0.0024,0.18018,6.49E-05,0.00E+00,0.00E+00,,,,,,,,,,,,,,,
0.76,1.1,13,0.2,0.1,2.5,0.8,1.4084,1.4115,0.0031,3.00E-04,8.31E-05,0.00E+00,0.00E+00,,,,,,,,,,,,,,,
0.76,1.1,13,0.2,0.1,2.5,0.9,1.3975,1.4011,0.0036,9.57E-04,3.60E-04,0.00E+00,0.00E+00,,,,,,,,,,,,,,,
0.76,1.1,13,0.2,0.1,2.5,1,1.3867,1.3908,0.0041,0.0036391,0.0026647,0.00E+00,0.00E+00,,,,,,,,,,,,,,,
0.76,1.1,13,0.2,0.1,2.5,1.1,1.3761,1.3805,0.0044,0.030728,0.022341,0.00E+00,0.00E+00,,,,,,,,,,,,,,,
0.76,1.1,13,0.2,0.1,2.5,1.2,1.3656,1.3702,0.0046,0.099034,0.026772,0.00E+00,0.00E+00,,,,,,,,,,,,,,,
0.76,1.1,13,0.2,0.1,2.5,1.3,1.3554,1.3601,0.0047,0.14288,0.071484,0.00E+00,0.00E+00,,,,,,,,,,,,,,,
0.76,1.1,13,0.2,0.1,2.5,1.4,1.3456,1.3502,0.0046,0.33259,0.19733,0.00E+00,0.00E+00,,,,,,,,,,,,,,,
0.76,1.1,13,0.2,0.1,2.5,1.5,1.3361,1.3407,0.0046,0.79638,0.59016,0.00E+00,0.00E+00,,,,,,,,,,,,,,,
0.76,1.1,13,0.2,0.1,2.5,1.6,1.3271,1.33E+00,0.0029,2.2518,2.882,0.00E+00,0.00E+00,,,,,,,,,,,,,,,
0.76,1.1,13,0.2,0.1,2.5,1.7,1.3186,1.3227,0.0041,15.199,102.2,0.00E+00,0.00E+00,,,,,,,,,,,,,,,
0.76,1.25,13.5,0.2,0.1,2.5,0.7,1.4372,1.4386,0.0014,0.0010259,0.023661,0.00E+00,0.00E+00,,,,,,,,,,,,,,,
0.76,1.25,13.5,0.2,0.1,2.5,0.8,1.4294,1.4312,0.0018,38.436,0.0037255,0.00E+00,0.00E+00,,,,,,,,,,,,,,,
0.76,1.25,13.5,0.2,0.1,2.5,0.9,1.4216,1.4237,0.0021,0.017421,0.0047852,0.00E+00,0.00E+00,,,,,,,,,,,,,,,
0.76,1.25,13.5,0.2,0.1,2.5,1,1.4137,1.4162,0.0025,0.02398,0.011728,0.00E+00,0.00E+00,,,,,,,,,,,,,,,
0.76,1.25,13.5,0.2,0.1,2.5,1.1,1.4059,1.4086,0.0027,0.054609,0.034214,0.00E+00,0.00E+00,,,,,,,,,,,,,,,
0.76,1.25,13.5,0.2,0.1,2.5,1.2,1.3981,1.401,0.0029,0.14184,0.10369,0.00E+00,0.00E+00,,,,,,,,,,,,,,,
0.76,1.25,13.5,0.2,0.1,2.5,1.3,1.3904,1.3935,0.0031,0.37534,0.3085,0.00E+00,0.00E+00,,,,,,,,,,,,,,,
0.76,1.25,13.5,0.2,0.1,2.5,1.4,1.383,1.3861,0.0031,0.96438,0.87457,0.00E+00,0.00E+00,,,,,,,,,,,,,,,
0.76,1.25,13.5,0.2,0.1,2.5,1.5,1.3757,1.3788,0.0031,2.3502,2.3238,0.00E+00,0.00E+00,,,,,,,,,,,,,,,
0.76,1.25,13.5,0.2,0.1,2.5,1.6,1.3687,1.3718,0.0031,5.367,5.7265,0.00E+00,0.00E+00,,,,,,,,,,,,,,,
0.76,1.25,13.5,0.2,0.1,2.5,1.7,1.3619,1.3649,0.003,11.4,12.982,0.00E+00,0.00E+00,,,,,,,,,,,,,,,
0.77,1.1,12.5,0.25,0.15,2.5,0.6,1.4213,1.4232,0.0019,9.81E-06,6.68E-06,0.00E+00,0.00E+00,,,,,,,,,,,,,,,
0.77,1.1,12.5,0.25,0.15,2.5,0.7,1.4084,1.411,0.0026,0.00024934,0.012982,0.00E+00,0.00E+00,,,,,,,,,,,,,,,
0.77,1.1,12.5,0.25,0.15,2.5,0.8,1.3956,1.3988,0.0032,0.015777,0.00073639,0.00E+00,0.00E+00,,,,,,,,,,,,,,,
0.77,1.1,12.5,0.25,0.15,2.5,0.9,1.383,1.3869,0.0039,0.0051166,0.0017349,0.00E+00,0.00E+00,,,,,,,,,,,,,,,
0.77,1.1,12.5,0.25,0.15,2.5,1,1.3709,1.3753,0.0044,0.014687,0.014147,0.00E+00,0.00E+00,,,,,,,,,,,,,,,
0.77,1.1,12.5,0.25,0.15,2.5,1.1,1.3593,1.3641,0.0048,0.13785,135.25,0.00E+00,0.00E+00,,,,,,,,,,,,,,,
0.77,1.1,12.5,0.25,0.15,2.5,1.2,1.3482,1.3533,0.0051,24.684,0.37905,0.00E+00,0.00E+00,,,,,,,,,,,,,,,
0.77,1.1,12.5,0.25,0.15,2.5,1.3,1.3377,1.3429,0.0052,1.6235,0.53082,0.00E+00,0.00E+00,,,,,,,,,,,,,,,
0.77,1.1,12.5,0.25,0.15,2.5,1.4,1.3278,1.333,0.0052,2.1159,1.1113,0.00E+00,0.00E+00,,,,,,,,,,,,,,,
0.77,1.1,12.5,0.25,0.15,2.5,1.5,1.3186,1.3237,0.0051,3.7735,2.4464,0.00E+00,0.00E+00,,,0.75,1.1,12.5,0.25,0.15,2.5,1.5,1.3244,1.3292,0.0048,5.4281,3.6165,
0.77,1.1,12.5,0.25,0.15,2.5,1.6,1.31,1.3149,0.0049,6.9756,5.1776,0.00E+00,0.00E+00,,,0.67,1,12,0.2,0.1,2.5,0.9,1.3873,1.3915,0.0042,0.009798,0.0043057,
0.77,1,12.5,0.2,0.1,2.5,0.6,1.4124,1.4154,0.003,2.15E-07,3.80E-07,0.00E+00,0.00E+00,,,0.69,1,12.5,0.2,0.1,2.5,1.2,1.3493,1.3546,0.0053,2.2987,0.69572,
0.77,1,12.5,0.2,0.1,2.5,0.7,1.398,1.402,0.004,1.38E-06,6.43E-07,0.00E+00,0.00E+00,,,0.7,1.25,13.5,0.2,0.1,2.5,0.9,1.4261,1.428,0.0019,0.1215,0.042249,
0.77,1,12.5,0.2,0.1,2.5,0.8,1.3837,1.3886,0.0049,4.59E-05,9.63E-06,0.00E+00,0.00E+00,,,0.71,1.1,13,0.2,0.1,2.5,1.4,1.3566,1.3607,0.0041,1.009,0.68356,
0.77,1,12.5,0.2,0.1,2.5,0.9,1.3697,1.3753,0.0056,2.77E-04,5.55E-04,0.00E+00,0.00E+00,,,0.77,1,12.5,0.2,0.1,2.5,0.8,1.3837,1.3886,0.0049,4.59E-05,9.63E-06,
0.77,1,12.5,0.2,0.1,2.5,1,1.3558,1.3619,0.0061,0.010586,0.3735,0.00E+00,0.00E+00,,,0.74,1.25,13.5,0.2,0.1,2.5,0.6,1.4456,1.4465,0.0009,3.62E-04,3.84E-04,
0.77,1,12.5,0.2,0.1,2.5,1.1,1.3423,1.3487,0.0064,5.7722,0.10025,0.00E+00,0.00E+00,,,0.79,1.25,13.5,0.2,0.1,2.5,0.7,1.4355,1.437,0.0015,2.06E-04,0.0026074,
0.77,1,12.5,0.2,0.1,2.5,1.2,1.3291,1.3357,0.0066,0.94191,0.13868,0.00E+00,0.00E+00,,,0.81,1.25,13.7,0.2,0.1,2.5,0.7,1.4344,1.4359,0.0015,1.31E-04,2.64E-05,
0.77,1,12.5,0.2,0.1,2.5,1.3,1.3164,1.3229,0.0065,1.0101,0.30445,0.00E+00,0.00E+00,,,0.72,1.1,13,0.2,0.1,2.5,1.6,1.3378,1.3417,0.0039,8.6092,28.678,
0.77,1,12.5,0.2,0.1,2.5,1.4,1.3041,1.3105,0.0064,1.7402,0.7085,0.00E+00,0.00E+00,,,0.78,1.25,13.5,0.2,0.1,2.5,1.4,1.38,1.3833,0.0033,0.60132,0.5448,
0.77,1,12.5,0.2,0.1,2.5,1.5,1.2925,1.2986,0.0061,3.7708,1.583,0.00E+00,0.00E+00,,,0.65,1.1,12.5,0.25,0.15,2.5,0.7,1.4216,1.4232,0.0016,0.94512,0.10023,
0.77,1,12.5,0.2,0.1,2.5,1.6,1.2816,1.2873,0.0057,5.8672,3.2332,0.00E+00,0.00E+00,,,0.79,1.1,13,0.2,0.1,2.5,1.5,1.3286,1.3335,0.0049,0.42747,0.28504,
0.77,1,12.5,0.2,0.1,2.5,1.7,1.2714,1.2768,0.0054,9.8608,6.0507,0.00E+00,0.00E+00,,,0.83,1.1,13,0.25,0.15,2.5,1.1,1.3466,1.3523,0.0057,0.054729,0.011334,
0.77,1.1,13,0.2,0.1,2.5,0.6,1.4294,1.4312,0.0018,0.00002427,0.000025328,0.00E+00,0.00E+00,,,0.82,1.25,14,0.2,0.1,2.5,1.6,1.3579,1.3615,0.0036,1.2286,4.4253,
0.77,1.1,13,0.2,0.1,2.5,0.7,1.4184,1.4209,0.0025,0.00013426,0.000015309,0.00E+00,0.00E+00,,,0.89,1,12.5,0.2,0.1,2.5,0.6,1.3958,1.4004,0.0046,7.32E-07,1.30E-06,
0.77,1.1,13,0.2,0.1,2.5,0.8,1.4073,1.4104,0.0031,0.00018941,0.000050851,0.00E+00,0.00E+00,,,,,,,,,,,,,,,
0.77,1.1,13,0.2,0.1,2.5,0.9,1.3962,1.3999,0.0037,0.00062324,0.00023194,0.00E+00,0.00E+00,,,,,,,,,,,,,,,
0.77,1.1,13,0.2,0.1,2.5,1,1.3852,1.3894,0.0042,0.1626,0.0012551,0.00E+00,0.00E+00,,,,,,,,,,,,,,,
0.77,1.1,13,0.2,0.1,2.5,1.1,1.3744,1.3789,0.0045,0.01629,0.025657,0.00E+00,0.00E+00,,,,,,,,,,,,,,,
0.77,1.1,13,0.2,0.1,2.5,1.2,1.3638,1.3685,0.0047,0.10061,0.020694,0.00E+00,0.00E+00,,,,,,,,,,,,,,,
0.77,1.1,13,0.2,0.1,2.5,1.3,1.3534,1.3582,0.0048,0.11422,0.055484,0.00E+00,0.00E+00,,,,,,,,,,,,,,,
0.77,1.1,13,0.2,0.1,2.5,1.4,1.3433,1.3481,0.0048,0.2671,0.15556,0.00E+00,0.00E+00,,,,,,,,,,,,,,,
0.77,1.1,13,0.2,0.1,2.5,1.5,1.3336,1.3383,0.0047,0.64519,0.45864,0.00E+00,0.00E+00,,,,,,,,,,,,,,,
0.77,1.1,13,0.2,0.1,2.5,1.6,1.3244,1.3289,0.0045,1.7506,1.9718,0.00E+00,0.00E+00,,,,,,,,,,,,,,,
0.77,1.25,13.5,0.2,0.1,2.5,0.6,1.4443,1.4453,0.001,7.80E-05,1.08E-04,0.00E+00,0.00E+00,,,,,,,,,,,,,,,
0.77,1.25,13.5,0.2,0.1,2.5,0.7,1.4367,1.438,0.0013,6.04E-04,0.010845,0.00E+00,0.00E+00,,,,,,,,,,,,,,,
0.77,1.25,13.5,0.2,0.1,2.5,0.8,1.4288,1.4306,0.0018,4.413,0.0024921,0.00E+00,0.00E+00,,,,,,,,,,,,,,,
0.77,1.25,13.5,0.2,0.1,2.5,0.9,1.4208,1.423,0.0022,0.012216,0.0032378,0.00E+00,0.00E+00,,,,,,,,,,,,,,,
0.77,1.25,13.5,0.2,0.1,2.5,1,1.4128,1.4153,0.0025,0.016922,0.0081833,0.00E+00,0.00E+00,,,,,,,,,,,,,,,
0.77,1.25,13.5,0.2,0.1,2.5,1.1,1.4048,1.4076,0.0028,0.039556,0.024671,0.00E+00,0.00E+00,,,,,,,,,,,,,,,
0.77,1.25,13.5,0.2,0.1,2.5,1.2,1.3969,1.3999,0.003,0.10587,0.077231,0.00E+00,0.00E+00,,,,,,,,,,,,,,,
0.77,1.25,13.5,0.2,0.1,2.5,1.3,1.3891,1.3923,0.0032,0.28853,0.23688,0.00E+00,0.00E+00,,,,,,,,,,,,,,,
0.77,1.25,13.5,0.2,0.1,2.5,1.4,1.3815,1.3847,0.0032,0.76299,0.69146,0.00E+00,0.00E+00,,,,,,,,,,,,,,,
0.77,1.25,13.5,0.2,0.1,2.5,1.5,1.3741,1.3773,0.0032,1.912,1.8896,0.00E+00,0.00E+00,,,,,,,,,,,,,,,
0.77,1.25,13.5,0.2,0.1,2.5,1.6,1.3669,1.3701,0.0032,4.4843,4.7843,0.00E+00,0.00E+00,,,,,,,,,,,,,,,
0.77,1.25,13.5,0.2,0.1,2.5,1.7,1.36,1.3631,0.0031,9.773,11.137,0.00E+00,0.00E+00,,,,,,,,,,,,,,,
0.78,1.1,12.5,0.25,0.15,2.5,0.6,1.4204,1.4223,0.0019,2.44E-06,2.69E-06,0.00E+00,0.00E+00,,,,,,,,,,,,,,,
0.78,1.1,12.5,0.25,0.15,2.5,0.7,1.4072,1.4098,0.0026,0.000094294,0.0018755,0.00E+00,0.00E+00,,,,,,,,,,,,,,,
0.78,1.1,12.5,0.25,0.15,2.5,0.8,1.3941,1.3975,0.0034,0.01772,0.00046936,0.00E+00,0.00E+00,,,,,,,,,,,,,,,
0.78,1.1,12.5,0.25,0.15,2.5,0.9,1.3814,1.3854,0.004,0.0034301,0.0010905,0.00E+00,0.00E+00,,,,,,,,,,,,,,,
0.78,1.1,12.5,0.25,0.15,2.5,1,1.3691,1.3736,0.0045,0.0097396,0.0089386,0.00E+00,0.00E+00,,,,,,,,,,,,,,,
0.78,1.1,12.5,0.25,0.15,2.5,1.1,1.3572,1.3622,0.005,0.088902,20.162,0.00E+00,0.00E+00,,,,,,,,,,,,,,,
0.78,1.1,12.5,0.25,0.15,2.5,1.2,1.3459,1.3512,0.0053,37.148,0.28616,0.00E+00,0.00E+00,,,,,,,,,,,,,,,
0.78,1.1,12.5,0.25,0.15,2.5,1.3,1.3352,1.3406,0.0054,1.3033,0.40768,0.00E+00,0.00E+00,,,,,,,,,,,,,,,
0.78,1.1,12.5,0.25,0.15,2.5,1.4,1.3251,1.3305,0.0054,1.7094,0.88073,0.00E+00,0.00E+00,,,,,,,,,,,,,,,
0.78,1.1,12.5,0.25,0.15,2.5,1.5,1.3156,1.3209,0.0053,3.1261,2.0014,0.00E+00,0.00E+00,,,,,,,,,,,,,,,
0.78,1.1,12.5,0.25,0.15,2.5,1.6,1.3068,1.3119,0.0051,5.9396,4.3663,0.00E+00,0.00E+00,,,,,,,,,,,,,,,
0.78,1,12.5,0.2,0.1,2.5,0.6,1.4112,1.4143,0.0031,1.11E-07,3.31E-07,0.00E+00,0.00E+00,,,,,,,,,,,,,,,
0.78,1,12.5,0.2,0.1,2.5,0.7,1.3965,1.4007,0.0042,1.67E-05,1.42E-06,0.00E+00,0.00E+00,,,,,,,,,,,,,,,
0.78,1,12.5,0.2,0.1,2.5,0.8,1.382,1.3871,0.0051,1.382,6.06E-06,0.00E+00,0.00E+00,,,,,,,,,,,,,,,
0.78,1,12.5,0.2,0.1,2.5,0.9,1.3677,1.3735,0.0058,1.55E-04,2.82E-04,0.00E+00,0.00E+00,,,,,,,,,,,,,,,
0.78,1,12.5,0.2,0.1,2.5,1,1.3537,1.3599,0.0062,0.0057084,0.077726,0.00E+00,0.00E+00,,,,,,,,,,,,,,,
0.78,1,12.5,0.2,0.1,2.5,1.1,1.3399,1.3465,0.0066,1.1074,0.096217,0.00E+00,0.00E+00,,,,,,,,,,,,,,,
0.78,1,12.5,0.2,0.1,2.5,1.2,1.3265,1.3332,0.0067,0.9634,0.11775,0.00E+00,0.00E+00,,,,,,,,,,,,,,,
0.78,1,12.5,0.2,0.1,2.5,1.3,1.3134,1.3202,0.0068,0.89936,0.25644,0.00E+00,0.00E+00,,,,,,,,,,,,,,,
0.78,1,12.5,0.2,0.1,2.5,1.4,1.3009,1.3075,0.0066,1.5249,0.60368,0.00E+00,0.00E+00,,,,,,,,,,,,,,,
0.78,1,12.5,0.2,0.1,2.5,1.5,1.289,1.2953,0.0063,2.8693,1.3751,0.00E+00,0.00E+00,,,,,,,,,,,,,,,
0.78,1,12.5,0.2,0.1,2.5,1.6,1.2778,1.2837,0.0059,5.2581,2.8588,0.00E+00,0.00E+00,,,,,,,,,,,,,,,
0.78,1,12.5,0.2,0.1,2.5,1.7,1.2673,1.2728,0.0055,8.9791,5.4474,0.00E+00,0.00E+00,,,,,,,,,,,,,,,
0.78,1.1,13,0.2,0.1,2.5,0.6,1.4286,1.4305,0.0019,7.63E-06,0.000021381,0.00E+00,0.00E+00,,,,,,,,,,,,,,,
0.78,1.1,13,0.2,0.1,2.5,0.7,1.4174,1.42,0.0026,0.000095002,9.53E-06,0.00E+00,0.00E+00,,,,,,,,,,,,,,,
0.78,1.1,13,0.2,0.1,2.5,0.8,1.4061,1.4094,0.0033,0.00017158,0.000030635,0.00E+00,0.00E+00,,,,,,,,,,,,,,,
0.78,1.1,13,0.2,0.1,2.5,0.9,1.3949,1.3987,0.0038,0.053953,0.0048872,0.00E+00,0.00E+00,,,,,,,,,,,,,,,
0.78,1.1,13,0.2,0.1,2.5,1,1.3838,1.388,0.0042,0.0016613,0.00090678,0.00E+00,0.00E+00,,,,,,,,,,,,,,,
0.78,1.1,13,0.2,0.1,2.5,1.1,1.3727,1.3774,0.0047,0.0095751,0.040378,0.00E+00,0.00E+00,,,,,,,,,,,,,,,
0.78,1.1,13,0.2,0.1,2.5,1.2,1.3619,1.3667,0.0048,0.12079,0.016112,0.00E+00,0.00E+00,,,,,,,,,,,,,,,
0.78,1.1,13,0.2,0.1,2.5,1.3,1.3513,1.3562,0.0049,0.091863,0.043113,0.00E+00,0.00E+00,,,,,,,,,,,,,,,
0.78,1.1,13,0.2,0.1,2.5,1.4,1.341,1.3459,0.0049,0.21479,0.1229,0.00E+00,0.00E+00,,,,,,,,,,,,,,,
0.78,1.1,13,0.2,0.1,2.5,1.5,1.3311,1.3359,0.0048,0.52444,0.36011,0.00E+00,0.00E+00,,,,,,,,,,,,,,,
0.78,1.1,13,0.2,0.1,2.5,1.6,1.3216,1.3263,0.0047,1.3854,1.4063,0.00E+00,0.00E+00,,,,,,,,,,,,,,,
0.78,1.25,13.5,0.2,0.1,2.5,0.6,1.4439,1.4449,0.001,4.48E-05,4.49E-05,0.00E+00,0.00E+00,,,,,,,,,,,,,,,
0.78,1.25,13.5,0.2,0.1,2.5,0.7,1.4361,1.4375,0.0014,3.52E-04,0.0052274,0.00E+00,0.00E+00,,,,,,,,,,,,,,,
0.78,1.25,13.5,0.2,0.1,2.5,0.8,1.4281,1.43,0.0019,0.54516,0.0016462,0.00E+00,0.00E+00,,,,,,,,,,,,,,,
0.78,1.25,13.5,0.2,0.1,2.5,0.9,1.42,1.4223,0.0023,0.0084825,0.0021742,0.00E+00,0.00E+00,,,,,,,,,,,,,,,
0.78,1.25,13.5,0.2,0.1,2.5,1,1.4119,1.4145,0.0026,0.011854,0.0056774,0.00E+00,0.00E+00,,,,,,,,,,,,,,,
0.78,1.25,13.5,0.2,0.1,2.5,1.1,1.4038,1.4067,0.0029,0.028502,0.017705,0.00E+00,0.00E+00,,,,,,,,,,,,,,,
0.78,1.25,13.5,0.2,0.1,2.5,1.2,1.3957,1.3988,0.0031,0.078618,0.057259,0.00E+00,0.00E+00,,,,,,,,,,,,,,,
0.78,1.25,13.5,0.2,0.1,2.5,1.3,1.3878,1.391,0.0032,0.22091,0.18122,0.00E+00,0.00E+00,,,,,,,,,,,,,,,
0.78,1.25,13.5,0.2,0.1,2.5,1.4,1.38,1.3833,0.0033,0.60132,0.5448,0.00E+00,0.00E+00,,,,,,,,,,,,,,,
0.78,1.25,13.5,0.2,0.1,2.5,1.5,1.3725,1.3758,0.0033,1.5496,1.5313,0.00E+00,0.00E+00,,,,,,,,,,,,,,,
0.78,1.25,13.5,0.2,0.1,2.5,1.6,1.3651,1.3684,0.0033,3.7333,3.9843,0.00E+00,0.00E+00,,,,,,,,,,,,,,,
0.78,1.25,13.5,0.2,0.1,2.5,1.7,1.3581,1.3612,0.0031,8.3477,9.5228,0.00E+00,0.00E+00,,,,,,,,,,,,,,,
0.79,1.1,12.5,0.25,0.15,2.5,0.6,1.4193,1.4213,0.002,1.36E-06,9.51E-07,0.00E+00,0.00E+00,,,,,,,,,,,,,,,
0.79,1.1,12.5,0.25,0.15,2.5,0.7,1.406,1.4087,0.0027,0.000046769,0.00045709,0.00E+00,0.00E+00,,,,,,,,,,,,,,,
0.79,1.1,12.5,0.25,0.15,2.5,0.8,1.3927,1.3961,0.0034,0.027691,0.00030482,0.00E+00,0.00E+00,,,,,,,,,,,,,,,
0.79,1.1,12.5,0.25,0.15,2.5,0.9,1.3797,1.3838,0.0041,0.0022815,0.00068141,0.00E+00,0.00E+00,,,,,,,,,,,,,,,
0.79,1.1,12.5,0.25,0.15,2.5,1,1.3672,1.3719,0.0047,0.0064454,0.0056542,0.00E+00,0.00E+00,,,,,,,,,,,,,,,
0.79,1.1,12.5,0.25,0.15,2.5,1.1,1.3551,1.3603,0.0052,0.057785,6.3896,0.00E+00,0.00E+00,,,,,,,,,,,,,,,
0.79,1.1,12.5,0.25,0.15,2.5,1.2,1.3436,1.349,0.0054,72.482,0.21423,0.00E+00,0.00E+00,,,,,,,,,,,,,,,
0.79,1.1,12.5,0.25,0.15,2.5,1.3,1.3327,1.3382,0.0055,1.0391,0.3117,0.00E+00,0.00E+00,,,,,,,,,,,,,,,
0.79,1.1,12.5,0.25,0.15,2.5,1.4,1.3224,1.3279,0.0055,1.3746,0.69556,0.00E+00,0.00E+00,,,,,,,,,,,,,,,
0.79,1.1,12.5,0.25,0.15,2.5,1.5,1.3127,1.3181,0.0054,2.5803,1.6327,0.00E+00,0.00E+00,,,,,,,,,,,,,,,
0.79,1.1,12.5,0.25,0.15,2.5,1.6,1.3037,1.3089,0.0052,5.0416,3.6722,0.00E+00,0.00E+00,,,,,,,,,,,,,,,
0.79,1,12.5,0.2,0.1,2.5,0.6,1.4099,1.4132,0.0033,4.52E-06,2.82E-07,0.00E+00,0.00E+00,,,,,,,,,,,,,,,
0.79,1,12.5,0.2,0.1,2.5,0.7,1.395,1.3993,0.0043,4.45E-07,9.72E-09,0.00E+00,0.00E+00,,,,,,,,,,,,,,,
0.79,1,12.5,0.2,0.1,2.5,0.8,1.3803,1.3855,0.0052,9.93E-06,9.06E-06,0.00E+00,0.00E+00,,,,,,,,,,,,,,,
0.79,1,12.5,0.2,0.1,2.5,0.9,1.3657,1.3717,0.006,8.77E-05,1.47E-04,0.00E+00,0.00E+00,,,,,,,,,,,,,,,
0.79,1,12.5,0.2,0.1,2.5,1,1.3515,1.3579,0.0064,0.0031486,0.024874,0.00E+00,0.00E+00,,,,,,,,,,,,,,,
0.79,1,12.5,0.2,0.1,2.5,1.1,1.3374,1.3442,0.0068,0.35703,0.098036,0.00E+00,0.00E+00,,,,,,,,,,,,,,,
0.79,1,12.5,0.2,0.1,2.5,1.2,1.3238,1.3307,0.0069,1.054,0.10136,0.00E+00,0.00E+00,,,,,,,,,,,,,,,
0.79,1,12.5,0.2,0.1,2.5,1.3,1.3105,1.3174,0.0069,0.81225,0.21754,0.00E+00,0.00E+00,,,,,,,,,,,,,,,
0.79,1,12.5,0.2,0.1,2.5,1.4,1.2977,1.3044,0.0067,1.3457,0.51704,0.00E+00,0.00E+00,,,,,,,,,,,,,,,
0.79,1,12.5,0.2,0.1,2.5,1.5,1.2854,1.2919,0.0065,2.5292,1.2024,0.00E+00,0.00E+00,,,,,,,,,,,,,,,
0.79,1,12.5,0.2,0.1,2.5,1.6,1.2739,1.28,0.0061,4.7278,2.5341,0.00E+00,0.00E+00,,,,,,,,,,,,,,,
0.79,1,12.5,0.2,0.1,2.5,1.7,1.2632,1.2689,0.0057,8.1904,4.9148,0.00E+00,0.00E+00,,,,,,,,,,,,,,,
0.79,1.1,13,0.2,0.1,2.5,0.6,1.4278,1.4297,0.0019,1.69E-06,0.000023876,0.00E+00,0.00E+00,,,,,,,,,,,,,,,
0.79,1.1,13,0.2,0.1,2.5,0.7,1.4164,1.4191,0.0027,0.000071854,6.73E-06,0.00E+00,0.00E+00,,,,,,,,,,,,,,,
0.79,1.1,13,0.2,0.1,2.5,0.8,1.405,1.4083,0.0033,0.0002503,0.000016838,0.00E+00,0.00E+00,,,,,,,,,,,,,,,
0.79,1.1,13,0.2,0.1,2.5,0.9,1.3936,1.3975,0.0039,0.078446,0.0060838,0.00E+00,0.00E+00,,,,,,,,,,,,,,,
0.79,1.1,13,0.2,0.1,2.5,1,1.3822,1.3866,0.0044,0.0011223,0.00056172,0.00E+00,0.00E+00,,,,,,,,,,,,,,,
0.79,1.1,13,0.2,0.1,2.5,1.1,1.371,1.3758,0.0048,0.0060143,0.15436,0.00E+00,0.00E+00,,,,,,,,,,,,,,,
0.79,1.1,13,0.2,0.1,2.5,1.2,1.36,1.365,0.005,0.20246,0.012671,0.00E+00,0.00E+00,,,,,,,,,,,,,,,
0.79,1.1,13,0.2,0.1,2.5,1.3,1.3492,1.3543,0.0051,0.074572,0.033557,0.00E+00,0.00E+00,,,,,,,,,,,,,,,
0.79,1.1,13,0.2,0.1,2.5,1.4,1.3387,1.3438,0.0051,0.17301,0.097282,0.00E+00,0.00E+00,,,,,,,,,,,,,,,
0.79,1.1,13,0.2,0.1,2.5,1.5,1.3286,1.3335,0.0049,0.42747,0.28504,0.00E+00,0.00E+00,,,,,,,,,,,,,,,
0.79,1.1,13,0.2,0.1,2.5,1.6,1.3189,1.3237,0.0048,1.1112,1.0357,0.00E+00,0.00E+00,,,,,,,,,,,,,,,
0.79,1.25,13.5,0.2,0.1,2.5,0.7,1.4355,1.437,0.0015,2.06E-04,0.0026074,0.00E+00,0.00E+00,,,,,,,,,,,,,,,
0.79,1.25,13.5,0.2,0.1,2.5,0.8,1.4274,1.4293,0.0019,0.14929,0.0010767,0.00E+00,0.00E+00,,,,,,,,,,,,,,,
0.79,1.25,13.5,0.2,0.1,2.5,0.9,1.4192,1.4215,0.0023,0.0058258,0.0014452,0.00E+00,0.00E+00,,,,,,,,,,,,,,,
0.79,1.25,13.5,0.2,0.1,2.5,1,1.411,1.4136,0.0026,0.0082462,0.003912,0.00E+00,0.00E+00,,,,,,,,,,,,,,,
0.79,1.25,13.5,0.2,0.1,2.5,1.1,1.4027,1.4057,0.003,0.020422,0.012643,0.00E+00,0.00E+00,,,,,,,,,,,,,,,
0.79,1.25,13.5,0.2,0.1,2.5,1.2,1.3946,1.3977,0.0031,0.058125,0.042278,0.00E+00,0.00E+00,,,,,,,,,,,,,,,
0.79,1.25,13.5,0.2,0.1,2.5,1.3,1.3865,1.3898,0.0033,0.16842,0.13813,0.00E+00,0.00E+00,,,,,,,,,,,,,,,
0.79,1.25,13.5,0.2,0.1,2.5,1.4,1.3786,1.3819,0.0033,0.4723,0.42794,0.00E+00,0.00E+00,,,,,,,,,,,,,,,
0.79,1.25,13.5,0.2,0.1,2.5,1.5,1.3708,1.3742,0.0034,1.2516,1.2373,0.00E+00,0.00E+00,,,,,,,,,,,,,,,
0.79,1.25,13.5,0.2,0.1,2.5,1.6,1.3633,1.3667,0.0034,3.0977,3.3081,0.00E+00,0.00E+00,,,,,,,,,,,,,,,
0.79,1.25,13.5,0.2,0.1,2.5,1.7,1.3561,1.3593,0.0032,7.107,8.1181,0.00E+00,0.00E+00,,,,,,,,,,,,,,,
0.8,1.1,13,0.2,0.1,2.5,0.6,1.427,1.429,0.002,2.32E-07,0.000062793,0.00E+00,0.00E+00,,,,,,,,,,,,,,,
0.8,1.1,13,0.2,0.1,2.5,0.7,1.4154,1.4182,0.0028,0.000062031,3.24E-06,0.00E+00,0.00E+00,,,,,,,,,,,,,,,
0.8,1.1,13,0.2,0.1,2.5,0.8,1.4038,1.4073,0.0035,0.00032766,9.62E-06,0.00E+00,0.00E+00,,,,,,,,,,,,,,,
0.8,1.1,13,0.2,0.1,2.5,0.9,1.3922,1.3963,0.0041,0.39831,0.025799,0.00E+00,0.00E+00,,,,,,,,,,,,,,,
0.8,1.1,13,0.2,0.1,2.5,1,1.3807,1.3852,0.0045,0.00076132,0.00035668,0.00E+00,0.00E+00,,,,,,,,,,,,,,,
0.8,1.1,13,0.2,0.1,2.5,1.1,1.3693,1.3742,0.0049,0.0039318,0.4997,0.00E+00,0.00E+00,,,,,,,,,,,,,,,
0.8,1.1,13,0.2,0.1,2.5,1.2,1.3581,1.3632,0.0051,0.90507,0.010099,0.00E+00,0.00E+00,,,,,,,,,,,,,,,
0.8,1.1,13,0.2,0.1,2.5,1.3,1.3471,1.3523,0.0052,0.061263,0.026166,0.00E+00,0.00E+00,,,,,,,,,,,,,,,
0.8,1.1,13,0.2,0.1,2.5,1.4,1.3364,1.3416,0.0052,0.13965,0.077144,0.00E+00,0.00E+00,,,,,,,,,,,,,,,
0.8,1.1,13,0.2,0.1,2.5,1.5,1.326,1.3311,0.0051,0.34928,0.22711,0.00E+00,0.00E+00,,,,,,,,,,,,,,,
0.8,1.1,13,0.2,0.1,2.5,1.6,1.3161,1.321,0.0049,0.90069,0.78259,0.00E+00,0.00E+00,,,,,,,,,,,,,,,
0.8,1.2,13.5,0.25,0.15,2.5,0.6,1.433,1.4341,0.0011,8.13E-05,2.65E-05,0.00E+00,0.00E+00,,,,,,,,,,,,,,,
0.8,1.2,13.5,0.25,0.15,2.5,0.7,1.4224,1.4241,0.0017,1.59E-04,6.64E-05,0.00E+00,0.00E+00,,,,,,,,,,,,,,,
0.8,1.2,13.5,0.25,0.15,2.5,0.8,1.4118,1.4141,0.0023,4.93E-04,2.35E-04,0.00E+00,0.00E+00,,,,,,,,,,,,,,,
0.8,1.2,13.5,0.25,0.15,2.5,0.9,1.4013,1.404,0.0027,0.0018141,0.0012072,0.00E+00,0.00E+00,,,,,,,,,,,,,,,
0.8,1.2,13.5,0.25,0.15,2.5,1,1.3909,1.3942,0.0033,0.010832,0.033339,0.00E+00,0.00E+00,,,,,,,,,,,,,,,
0.8,1.2,13.5,0.25,0.15,2.5,1.1,1.3809,1.3845,0.0036,2.3659,0.066176,0.00E+00,0.00E+00,,,,,,,,,,,,,,,
0.8,1.2,13.5,0.25,0.15,2.5,1.2,1.3711,1.375,0.0039,0.21057,0.061071,0.00E+00,0.00E+00,,,,,,,,,,,,,,,
0.8,1.2,13.5,0.25,0.15,2.5,1.3,1.3618,1.3659,0.0041,0.25832,0.12841,0.00E+00,0.00E+00,,,,,,,,,,,,,,,
0.8,1.2,13.5,0.25,0.15,2.5,1.4,1.3529,1.3571,0.0042,0.51989,0.34083,0.00E+00,0.00E+00,,,,,,,,,,,,,,,
0.8,1.2,13.5,0.25,0.15,2.5,1.5,1.3444,1.3486,0.0042,1.326,1.4062,0.00E+00,0.00E+00,,,,,,,,,,,,,,,
0.8,1.2,13.5,0.25,0.15,2.5,1.6,1.3364,1.3405,0.0041,6.6334,60.932,0.00E+00,0.00E+00,,,,,,,,,,,,,,,
0.8,1.25,13.5,0.2,0.1,2.5,0.7,1.435,1.4365,0.0015,1.19E-04,0.0013341,0.00E+00,0.00E+00,,,,,,,,,,,,,,,
0.8,1.25,13.5,0.2,0.1,2.5,0.8,1.4267,1.4287,0.002,0.054799,6.94E-04,0.00E+00,0.00E+00,,,,,,,,,,,,,,,
0.8,1.25,13.5,0.2,0.1,2.5,0.9,1.4184,1.4208,0.0024,0.0039624,9.55E-04,0.00E+00,0.00E+00,,,,,,,,,,,,,,,
0.8,1.25,13.5,0.2,0.1,2.5,1,1.41,1.4128,0.0028,0.0056932,0.0026794,0.00E+00,0.00E+00,,,,,,,,,,,,,,,
0.8,1.25,13.5,0.2,0.1,2.5,1.1,1.4017,1.4047,0.003,0.014551,0.008982,0.00E+00,0.00E+00,,,,,,,,,,,,,,,
0.8,1.25,13.5,0.2,0.1,2.5,1.2,1.3934,1.3966,0.0032,0.042789,0.031096,0.00E+00,0.00E+00,,,,,,,,,,,,,,,
0.8,1.25,13.5,0.2,0.1,2.5,1.3,1.3852,1.3885,0.0033,0.12788,0.10489,0.00E+00,0.00E+00,,,,,,,,,,,,,,,
0.8,1.25,13.5,0.2,0.1,2.5,1.4,1.3771,1.3805,0.0034,0.36951,0.33498,0.00E+00,0.00E+00,,,,,,,,,,,,,,,
0.8,1.25,13.5,0.2,0.1,2.5,1.5,1.3692,1.3726,0.0034,1.0076,0.99694,0.00E+00,0.00E+00,,,,,,,,,,,,,,,
0.8,1.25,13.5,0.2,0.1,2.5,1.6,1.3615,1.3649,0.0034,2.5622,2.739,0.00E+00,0.00E+00,,,,,,,,,,,,,,,
0.8,1.25,13.5,0.2,0.1,2.5,1.7,1.3541,1.3574,0.0033,6.0316,6.9005,0.00E+00,0.00E+00,,,,,,,,,,,,,,,
0.8,1.3,14,0.3,0.2,2.5,0.6,1.4385,1.4393,0.0008,0.0015149,8.98E-04,0.00E+00,0.00E+00,,,,,,,,,,,,,,,
0.8,1.3,14,0.3,0.2,2.5,0.7,1.4292,1.4302,0.001,0.0039395,0.0024367,0.00E+00,0.00E+00,,,,,,,,,,,,,,,
0.8,1.3,14,0.3,0.2,2.5,0.8,1.4196,1.421,0.0014,0.012707,0.009339,0.00E+00,0.00E+00,,,,,,,,,,,,,,,
0.8,1.3,14,0.3,0.2,2.5,0.9,1.4101,1.4119,0.0018,0.063564,0.087025,0.00E+00,0.00E+00,,,,,,,,,,,,,,,
0.8,1.3,14,0.3,0.2,2.5,1,1.4029,1.4029,0,1.5283,6.3213,0.00E+00,0.00E+00,,,,,,,,,,,,,,,
0.8,1.3,14,0.3,0.2,2.5,1.1,1.3917,1.3942,0.0025,2.4099,0.44403,0.00E+00,0.00E+00,,,,,,,,,,,,,,,
0.8,1.3,14,0.3,0.2,2.5,1.2,1.3831,1.3858,0.0027,1.1355,0.49841,0.00E+00,0.00E+00,,,,,,,,,,,,,,,
0.8,1.3,14,0.3,0.2,2.5,1.3,1.3749,1.3778,0.0029,1.5442,0.95963,0.00E+00,0.00E+00,,,,,,,,,,,,,,,
0.8,1.3,14,0.3,0.2,2.5,1.4,1.3672,1.3702,0.003,3.2968,3.37,0.00E+00,0.00E+00,,,,,,,,,,,,,,,
0.8,1.3,14,0.3,0.2,2.5,1.5,1.3601,1.363,0.0029,17.903,93.773,0.00E+00,0.00E+00,,,,,,,,,,,,,,,
0.8,1.3,14,0.3,0.2,2.5,1.6,1.3537,1.3565,0.0028,577.27,50.445,0.00E+00,0.00E+00,,,,,,,,,,,,,,,
0.81,1.1,13,0.25,0.15,2.5,0.6,1.4173,1.4194,0.0021,8.67E-08,1.74E-07,0.00E+00,0.00E+00,,,,,,,,,,,,,,,
0.81,1.1,13,0.25,0.15,2.5,0.7,1.4034,1.4063,0.0029,0.0023912,0.000032823,0.00E+00,0.00E+00,,,,,,,,,,,,,,,
0.81,1.1,13,0.25,0.15,2.5,0.8,1.3934,1.3934,0,0.0011318,0.00021318,0.00E+00,0.00E+00,,,,,,,,,,,,,,,
0.81,1.1,13,0.25,0.15,2.5,0.9,1.3763,1.3807,0.0044,0.0068223,0.080214,0.00E+00,0.00E+00,,,,,,,,,,,,,,,
0.81,1.1,13,0.25,0.15,2.5,1,1.3634,1.3684,0.005,0.1923,0.010597,0.00E+00,0.00E+00,,,,,,,,,,,,,,,
0.81,1.1,13,0.25,0.15,2.5,1.1,1.3509,1.3563,0.0054,0.086581,0.020608,0.00E+00,0.00E+00,,,,,,,,,,,,,,,
0.81,1.1,13,0.25,0.15,2.5,1.2,1.339,1.3447,0.0057,0.15479,0.081141,0.00E+00,0.00E+00,,,,,,,,,,,,,,,
0.81,1.1,13,0.25,0.15,2.5,1.3,1.3276,1.3335,0.0059,0.35174,0.20497,0.00E+00,0.00E+00,,,,,,,,,,,,,,,
0.81,1.1,13,0.25,0.15,2.5,1.4,1.3169,1.3227,0.0058,2.2133,1.2793,0.00E+00,0.00E+00,,,,,,,,,,,,,,,
0.81,1.1,13,0.25,0.15,2.5,1.5,1.3067,1.3125,0.0058,2.4832,0.97479,0.00E+00,0.00E+00,,,,,,,,,,,,,,,
0.81,1.1,13,0.25,0.15,2.5,1.6,1.2973,1.3028,0.0055,3.2204,1.797,0.00E+00,0.00E+00,,,,,,,,,,,,,,,
0.81,1,12.5,0.2,0.1,2.5,0.6,1.4074,1.4109,0.0035,1.11E-07,1.35E-07,0.00E+00,0.00E+00,,,,,,,,,,,,,,,
0.81,1,12.5,0.2,0.1,2.5,0.7,1.392,1.3965,0.0045,7.87E-05,1.89E-07,0.00E+00,0.00E+00,,,,,,,,,,,,,,,
0.81,1,12.5,0.2,0.1,2.5,0.8,1.3767,1.3822,0.0055,2.45E-06,3.82E-07,0.00E+00,0.00E+00,,,,,,,,,,,,,,,
0.81,1,12.5,0.2,0.1,2.5,0.9,1.3617,1.3679,0.0062,2.74E-05,4.03E-05,0.00E+00,0.00E+00,,,,,,,,,,,,,,,
0.81,1,12.5,0.2,0.1,2.5,1,1.3469,1.3537,0.0068,0.0010128,0.0042536,0.00E+00,0.00E+00,,,,,,,,,,,,,,,
0.81,1,12.5,0.2,0.1,2.5,1.1,1.3324,1.3395,0.0071,0.065888,0.13975,0.00E+00,0.00E+00,,,,,,,,,,,,,,,
0.81,1,12.5,0.2,0.1,2.5,1.2,1.3182,1.3254,0.0072,1.8184,0.07901,0.00E+00,0.00E+00,,,,,,,,,,,,,,,
0.81,1,12.5,0.2,0.1,2.5,1.3,1.3044,1.3116,0.0072,0.69963,0.16053,0.00E+00,0.00E+00,,,,,,,,,,,,,,,
0.81,1,12.5,0.2,0.1,2.5,1.4,1.291,1.2981,0.0071,1.1335,0.38561,0.00E+00,0.00E+00,,,,,,,,,,,,,,,
0.81,1,12.5,0.2,0.1,2.5,1.5,1.2782,1.285,0.0068,2.017,0.91227,0.00E+00,0.00E+00,,,,,,,,,,,,,,,
0.81,1,12.5,0.2,0.1,2.5,1.6,1.2661,1.2725,0.0064,3.8909,2.0091,0.00E+00,0.00E+00,,,,,,,,,,,,,,,
0.81,1,12.5,0.2,0.1,2.5,1.7,1.2548,1.2608,0.006,6.8637,4.0304,0.00E+00,0.00E+00,,,,,,,,,,,,,,,
0.81,1.25,13.7,0.2,0.1,2.5,0.6,0,0,0,0,0.00E+00,0.00E+00,0.00E+00,,,,,,,,,,,,,,,
0.81,1.25,13.7,0.2,0.1,2.5,0.7,1.4344,1.4359,0.0015,1.31E-04,2.64E-05,0.00E+00,0.00E+00,,,,,,,,,,,,,,,
0.81,1.25,13.7,0.2,0.1,2.5,0.8,1.426,1.428,0.002,1.42E-04,6.28E-05,0.00E+00,0.00E+00,,,,,,,,,,,,,,,
0.81,1.25,13.7,0.2,0.1,2.5,0.9,1.4176,1.42,0.0024,3.97E-04,2.85E-04,0.00E+00,0.00E+00,,,,,,,,,,,,,,,
0.81,1.25,13.7,0.2,0.1,2.5,1,1.4091,1.4119,0.0028,0.0018031,2.99E-03,0.00E+00,0.00E+00,,,,,,,,,,,,,,,
0.81,1.25,13.7,0.2,0.1,2.5,1.1,1.4006,1.4037,0.0031,0.017197,1.26E+00,0.00E+00,0.00E+00,,,,,,,,,,,,,,,
0.81,1.25,13.7,0.2,0.1,2.5,1.2,1.3922,1.3955,0.0033,4.9419,1.17E-01,0.00E+00,0.00E+00,,,,,,,,,,,,,,,
0.81,1.25,13.7,0.2,0.1,2.5,1.3,1.3838,1.3873,0.0035,0.46777,1.07E-01,0.00E+00,0.00E+00,,,,,,,,,,,,,,,
0.81,1.25,13.7,0.2,0.1,2.5,1.4,1.3756,1.3791,0.0035,0.43921,2.03E-01,0.00E+00,0.00E+00,,,,,,,,,,,,,,,
0.81,1.25,13.7,0.2,0.1,2.5,1.5,1.3675,1.3711,0.0036,0.7197,4.33E-01,0.00E+00,0.00E+00,,,,,,,,,,,,,,,
0.81,1.25,13.7,0.2,0.1,2.5,1.6,1.3597,1.3632,0.0035,1.3346,9.23E-01,0.00E+00,0.00E+00,,,,,,,,,,,,,,,
0.81,1.25,13.7,0.2,0.1,2.5,1.7,1.3522,1.3556,0.0034,2.4894,1.89E+00,0.00E+00,0.00E+00,,,,,,,,,,,,,,,
0.82,1.1,13,0.25,0.15,2.5,0.6,1.4162,1.4184,0.0022,2.72E-06,8.45E-07,0.00E+00,0.00E+00,,,,,,,,,,,,,,,
0.82,1.1,13,0.25,0.15,2.5,0.7,1.4021,1.4051,0.003,1.02E-06,0.63917,0.00E+00,0.00E+00,,,,,,,,,,,,,,,
0.82,1.1,13,0.25,0.15,2.5,0.8,1.3882,1.392,0.0038,0.00025203,0.000096732,0.00E+00,0.00E+00,,,,,,,,,,,,,,,
0.82,1.1,13,0.25,0.15,2.5,0.9,1.3746,1.3791,0.0045,0.0030871,0.3318,0.00E+00,0.00E+00,,,,,,,,,,,,,,,
0.82,1.1,13,0.25,0.15,2.5,1,1.3614,1.3666,0.0052,0.23693,0.0079812,0.00E+00,0.00E+00,,,,,,,,,,,,,,,
0.82,1.1,13,0.25,0.15,2.5,1.1,1.3488,1.3543,0.0055,0.068452,0.015264,0.00E+00,0.00E+00,,,,,,,,,,,,,,,
0.82,1.1,13,0.25,0.15,2.5,1.2,1.3366,1.3425,0.0059,0.12874,0.039798,0.00E+00,0.00E+00,,,,,,,,,,,,,,,
0.82,1.1,13,0.25,0.15,2.5,1.3,1.325,1.3311,0.0061,0.27322,0.14265,0.00E+00,0.00E+00,,,,,,,,,,,,,,,
0.82,1.1,13,0.25,0.15,2.5,1.4,1.314,1.3201,0.0061,1.1796,2.0137,0.00E+00,0.00E+00,,,,,,,,,,,,,,,
0.82,1.1,13,0.25,0.15,2.5,1.5,1.3037,1.3096,0.0059,2.4989,0.83726,0.00E+00,0.00E+00,,,,,,,,,,,,,,,
0.82,1.1,13,0.25,0.15,2.5,1.6,1.294,1.2997,0.0057,2.809,1.5337,0.00E+00,0.00E+00,,,,,,,,,,,,,,,
0.82,1,12.5,0.2,0.1,2.5,0.6,1.4061,1.4097,0.0036,1.46E-06,2.27E-08,0.00E+00,0.00E+00,,,,,,,,,,,,,,,
0.82,1,12.5,0.2,0.1,2.5,0.7,1.3904,1.3951,0.0047,1.33E-06,1.04E-07,0.00E+00,0.00E+00,,,,,,,,,,,,,,,
0.82,1,12.5,0.2,0.1,2.5,0.8,1.3749,1.3805,0.0056,4.20E-07,1.25E-05,0.00E+00,0.00E+00,,,,,,,,,,,,,,,
0.82,1,12.5,0.2,0.1,2.5,0.9,1.3596,1.366,0.0064,1.96E-05,2.29E-05,0.00E+00,0.00E+00,,,,,,,,,,,,,,,
0.82,1,12.5,0.2,0.1,2.5,1,1.3446,1.3515,0.0069,5.90E-04,0.0020126,0.00E+00,0.00E+00,,,,,,,,,,,,,,,
0.82,1,12.5,0.2,0.1,2.5,1.1,1.3298,1.3371,0.0073,0.032959,0.23357,0.00E+00,0.00E+00,,,,,,,,,,,,,,,
0.82,1,12.5,0.2,0.1,2.5,1.2,1.3153,1.3228,0.0075,25.063,0.071844,0.00E+00,0.00E+00,,,,,,,,,,,,,,,
0.82,1,12.5,0.2,0.1,2.5,1.3,1.3013,1.3087,0.0074,4.7321,0.16285,0.00E+00,0.00E+00,,,,,,,,,,,,,,,
0.82,1,12.5,0.2,0.1,2.5,1.4,1.2876,1.2949,0.0073,1.1066,0.33657,0.00E+00,0.00E+00,,,,,,,,,,,,,,,
0.82,1,12.5,0.2,0.1,2.5,1.5,1.2745,1.2815,0.007,1.8185,0.80479,0.00E+00,0.00E+00,,,,,,,,,,,,,,,
0.82,1,12.5,0.2,0.1,2.5,1.6,1.2622,1.2687,0.0065,3.8213,1.7985,0.00E+00,0.00E+00,,,,,,,,,,,,,,,
0.82,1,12.5,0.2,0.1,2.5,1.7,1.2506,1.2567,0.0061,6.3103,3.666,0.00E+00,0.00E+00,,,,,,,,,,,,,,,
0.82,1.25,14,0.2,0.1,2.5,0.6,1.442,1.4432,0.0012,7.09E-06,1.58E-06,0.00E+00,0.00E+00,,,,,,,,,,,,,,,
0.82,1.25,14,0.2,0.1,2.5,0.7,1.4338,1.4354,0.0016,0.000018279,7.19E-06,0.00E+00,0.00E+00,,,,,,,,,,,,,,,
0.82,1.25,14,0.2,0.1,2.5,0.8,1.4253,1.4274,0.0021,0.000058188,0.000035135,0.00E+00,0.00E+00,,,,,,,,,,,,,,,
0.82,1.25,14,0.2,0.1,2.5,0.9,1.4168,1.4192,0.0024,0.0002942,0.0012685,0.00E+00,0.00E+00,,,,,,,,,,,,,,,
0.82,1.25,14,0.2,0.1,2.5,1,1.4082,1.411,0.0028,0.025045,0.0016479,0.00E+00,0.00E+00,,,,,,,,,,,,,,,
0.82,1.25,14,0.2,0.1,2.5,1.1,1.3995,1.4027,0.0032,0.0083136,0.0023456,0.00E+00,0.00E+00,,,,,,,,,,,,,,,
0.82,1.25,14,0.2,0.1,2.5,1.2,1.391,1.3943,0.0033,0.01277,0.0062718,0.00E+00,0.00E+00,,,,,,,,,,,,,,,
0.82,1.25,14,0.2,0.1,2.5,1.3,1.3825,1.386,0.0035,0.031174,0.018835,0.00E+00,0.00E+00,,,,,,,,,,,,,,,
0.82,1.25,14,0.2,0.1,2.5,1.4,1.3741,1.3777,0.0036,0.083216,0.063723,0.00E+00,0.00E+00,,,,,,,,,,,,,,,
0.82,1.25,14,0.2,0.1,2.5,1.5,1.3659,1.3695,0.0036,0.25365,0.31187,0.00E+00,0.00E+00,,,,,,,,,,,,,,,
0.82,1.25,14,0.2,0.1,2.5,1.6,1.3579,1.3615,0.0036,1.2286,4.4253,0.00E+00,0.00E+00,,,,,,,,,,,,,,,
0.83,1.1,13,0.25,0.15,2.5,0.6,1.4151,1.4174,0.0023,2.22E-07,3.80E-08,0.00E+00,0.00E+00,,,,,,,,,,,,,,,
0.83,1.1,13,0.25,0.15,2.5,0.7,1.4008,1.4039,0.0031,0.076283,0.016799,0.00E+00,0.00E+00,,,,,,,,,,,,,,,
0.83,1.1,13,0.25,0.15,2.5,0.8,1.3906,1.3906,0,0.0004987,0.00009987,0.00E+00,0.00E+00,,,,,,,,,,,,,,,
0.83,1.1,13,0.25,0.15,2.5,0.9,1.3728,1.3775,0.0047,0.0014516,0.52513,0.00E+00,0.00E+00,,,,,,,,,,,,,,,
0.83,1.1,13,0.25,0.15,2.5,1,1.3595,1.3647,0.0052,0.38974,0.0060894,0.00E+00,0.00E+00,,,,,,,,,,,,,,,
0.83,1.1,13,0.25,0.15,2.5,1.1,1.3466,1.3523,0.0057,0.054729,0.011334,0.00E+00,0.00E+00,,,,,,,,,,,,,,,
0.83,1.1,13,0.25,0.15,2.5,1.2,1.3342,1.3403,0.0061,0.1129,0.029881,0.00E+00,0.00E+00,,,,,,,,,,,,,,,
0.83,1.1,13,0.25,0.15,2.5,1.3,1.3224,1.3286,0.0062,0.21913,0.10323,0.00E+00,0.00E+00,,,,,,,,,,,,,,,
0.83,1.1,13,0.25,0.15,2.5,1.4,1.3112,1.3175,0.0063,0.75711,6.3852,0.00E+00,0.00E+00,,,,,,,,,,,,,,,
0.83,1.1,13,0.25,0.15,2.5,1.5,1.3006,1.3068,0.0062,2.7987,0.727,0.00E+00,0.00E+00,,,,,,,,,,,,,,,
0.83,1.1,13,0.25,0.15,2.5,1.6,1.2907,1.2966,0.0059,2.4622,1.312,0.00E+00,0.00E+00,,,,,,,,,,,,,,,
0.84,1.1,13,0.25,0.15,2.5,0.6,1.414,1.4164,0.0024,0.000001338,9.75E-08,0.00E+00,0.00E+00,,,,,,,,,,,,,,,
0.84,1.1,13,0.25,0.15,2.5,0.7,1.3994,1.4027,0.0033,6.80E-07,3.42E-07,0.00E+00,0.00E+00,,,,,,,,,,,,,,,
0.84,1.1,13,0.25,0.15,2.5,0.8,1.3851,1.3891,0.004,0.000096546,0.000029891,0.00E+00,0.00E+00,,,,,,,,,,,,,,,
0.84,1.1,13,0.25,0.15,2.5,0.9,1.371,1.3758,0.0048,0.00069858,0.023728,0.00E+00,0.00E+00,,,,,,,,,,,,,,,
0.84,1.1,13,0.25,0.15,2.5,1,1.3575,1.3629,0.0054,1.753,0.0047137,0.00E+00,0.00E+00,,,,,,,,,,,,,,,
0.84,1.1,13,0.25,0.15,2.5,1.1,1.3444,1.3503,0.0059,0.043864,0.0084609,0.00E+00,0.00E+00,,,,,,,,,,,,,,,
0.84,1.1,13,0.25,0.15,2.5,1.2,1.3318,1.338,0.0062,0.089611,0.023084,0.00E+00,0.00E+00,,,,,,,,,,,,,,,
0.84,1.1,13,0.25,0.15,2.5,1.3,1.3198,1.3262,0.0064,0.36913,0.077505,0.00E+00,0.00E+00,,,,,,,,,,,,,,,
0.84,1.1,13,0.25,0.15,2.5,1.4,1.3084,1.3084,0,0.25174,0.5343,0.00E+00,0.00E+00,,,,,,,,,,,,,,,
0.84,1.1,13,0.25,0.15,2.5,1.5,1.2976,1.3038,0.0062,3.8194,0.64058,0.00E+00,0.00E+00,,,,,,,,,,,,,,,
0.84,1.1,13,0.25,0.15,2.5,1.6,1.2874,1.2935,0.0061,2.173,1.1254,0.00E+00,0.00E+00,,,,,,,,,,,,,,,
0.85,1.1,13,0.25,0.15,2.5,0.6,1.4128,1.4153,0.0025,1.67E-07,1.11E-06,0.00E+00,0.00E+00,,,,,,,,,,,,,,,
0.85,1.1,13,0.25,0.15,2.5,0.7,1.3981,1.4014,0.0033,7.47E-06,5.60E-07,0.00E+00,0.00E+00,,,,,,,,,,,,,,,
0.85,1.1,13,0.25,0.15,2.5,0.8,1.3835,1.3876,0.0041,0.00056824,0.000010931,0.00E+00,0.00E+00,,,,,,,,,,,,,,,
0.85,1.1,13,0.25,0.15,2.5,0.9,1.3692,1.3741,0.0049,0.00035037,0.0047736,0.00E+00,0.00E+00,,,,,,,,,,,,,,,
0.85,1.1,13,0.25,0.15,2.5,1,1.3554,1.361,0.0056,3.0744,0.0037253,0.00E+00,0.00E+00,,,,,,,,,,,,,,,
0.85,1.1,13,0.25,0.15,2.5,1.1,1.3421,1.3482,0.0061,0.036678,0.0063455,0.00E+00,0.00E+00,,,,,,,,,,,,,,,
0.85,1.1,13,0.25,0.15,2.5,1.2,1.3294,1.3357,0.0063,0.057927,0.017835,0.00E+00,0.00E+00,,,,,,,,,,,,,,,
0.85,1.1,13,0.25,0.15,2.5,1.3,1.3171,1.3237,0.0066,0.13576,0.058497,0.00E+00,0.00E+00,,,,,,,,,,,,,,,
0.85,1.1,13,0.25,0.15,2.5,1.4,1.3055,1.3121,0.0066,0.39749,2.6059,0.00E+00,0.00E+00,,,,,,,,,,,,,,,
0.85,1.1,13,0.25,0.15,2.5,1.5,1.2944,1.3009,0.0065,7.9571,0.57615,0.00E+00,0.00E+00,,,,,,,,,,,,,,,
0.85,1.1,13,0.25,0.15,2.5,1.6,1.2841,1.2903,0.0062,1.9357,0.96835,0.00E+00,0.00E+00,,,,,,,,,,,,,,,
0.85,1.2,14,0.2,0.1,2.5,0.6,1.4358,1.4373,0.0015,3.74E-07,4.32E-08,0.00E+00,0.00E+00,,,,,,,,,,,,,,,
0.85,1.2,14,0.2,0.1,2.5,0.7,1.4261,1.4282,0.0021,1.49E-05,2.88E-06,0.00E+00,0.00E+00,,,,,,,,,,,,,,,
0.85,1.2,14,0.2,0.1,2.5,0.8,1.4163,1.4189,0.0026,8.00E-06,1.19E-05,0.00E+00,0.00E+00,,,,,,,,,,,,,,,
0.85,1.2,14,0.2,0.1,2.5,0.9,1.4063,1.4094,0.0031,1.76E-04,6.96E-04,0.00E+00,0.00E+00,,,,,,,,,,,,,,,
0.85,1.2,14,0.2,0.1,2.5,1,1.3963,1.3999,0.0036,0.0086613,0.018019,0.00E+00,0.00E+00,,,,,,,,,,,,,,,
0.85,1.2,14,0.2,0.1,2.5,1.1,1.3864,1.3903,0.0039,0.17898,0.0081866,0.00E+00,0.00E+00,,,,,,,,,,,,,,,
0.85,1.2,14,0.2,0.1,2.5,1.2,1.3764,1.3806,0.0042,0.067639,0.015207,0.00E+00,0.00E+00,,,,,,,,,,,,,,,
0.85,1.2,14,0.2,0.1,2.5,1.3,1.3666,1.3709,0.0043,0.10416,0.035976,0.00E+00,0.00E+00,,,,,,,,,,,,,,,
0.85,1.2,14,0.2,0.1,2.5,1.4,1.3569,1.3613,0.0044,0.20591,0.088574,0.00E+00,0.00E+00,,,,,,,,,,,,,,,
0.85,1.2,14,0.2,0.1,2.5,1.5,1.3474,1.3518,0.0044,0.428,0.2873,0.00E+00,0.00E+00,,,,,,,,,,,,,,,
0.85,1.2,14,0.2,0.1,2.5,1.6,1.3381,1.3425,0.0044,0.89451,0.47606,0.00E+00,0.00E+00,,,,,,,,,,,,,,,
0.85,1.2,14,0.2,0.1,2.5,1.7,1.3292,1.3334,0.0042,1.6871,0.99664,0.00E+00,0.00E+00,,,,,,,,,,,,,,,
0.86,1.1,13,0.25,0.15,2.5,0.6,1.4117,1.4142,0.0025,1.13E-07,4.46E-07,0.00E+00,0.00E+00,,,,,,,,,,,,,,,
0.86,1.1,13,0.25,0.15,2.5,0.7,1.3967,1.4001,0.0034,4.25E-07,1.44E-06,0.00E+00,0.00E+00,,,,,,,,,,,,,,,
0.86,1.1,13,0.25,0.15,2.5,0.8,1.3818,1.3861,0.0043,0.00014548,6.05E-06,0.00E+00,0.00E+00,,,,,,,,,,,,,,,
0.86,1.1,13,0.25,0.15,2.5,0.9,1.3673,1.3724,0.0051,0.00018241,0.0014196,0.00E+00,0.00E+00,,,,,,,,,,,,,,,
0.86,1.1,13,0.25,0.15,2.5,1,1.3533,1.3591,0.0058,0.15022,0.0030118,0.00E+00,0.00E+00,,,,,,,,,,,,,,,
0.86,1.1,13,0.25,0.15,2.5,1.1,1.3398,1.3461,0.0063,0.030901,0.0047918,0.00E+00,0.00E+00,,,,,,,,,,,,,,,
0.86,1.1,13,0.25,0.15,2.5,1.2,1.3269,1.3334,0.0065,0.046011,0.013635,0.00E+00,0.00E+00,,,,,,,,,,,,,,,
0.86,1.1,13,0.25,0.15,2.5,1.3,1.3144,1.3212,0.0068,0.10803,0.044259,0.00E+00,0.00E+00,,,,,,,,,,,,,,,
0.86,1.1,13,0.25,0.15,2.5,1.4,1.3026,1.3093,0.0067,0.30558,0.64913,0.00E+00,0.00E+00,,,,,,,,,,,,,,,
0.86,1.1,13,0.25,0.15,2.5,1.5,1.2913,1.2979,0.0066,73.7,0.53353,0.00E+00,0.00E+00,,,,,,,,,,,,,,,
0.86,1.1,13,0.25,0.15,2.5,1.6,1.2807,1.2871,0.0064,1.7461,0.83661,0.00E+00,0.00E+00,,,,,,,,,,,,,,,
0.86,1,12.5,0.2,0.1,2.5,0.6,1.4004,1.4045,0.0041,1.50E-06,1.03E-08,0.00E+00,0.00E+00,,,,,,,,,,,,,,,
0.86,1,12.5,0.2,0.1,2.5,0.7,1.3837,1.389,0.0053,1.70E-07,1.85E-07,0.00E+00,0.00E+00,,,,,,,,,,,,,,,
0.86,1,12.5,0.2,0.1,2.5,0.8,1.3671,1.3734,0.0063,0.012185,5.39E-07,0.00E+00,0.00E+00,,,,,,,,,,,,,,,
0.86,1,12.5,0.2,0.1,2.5,0.9,1.3508,1.3579,0.0071,1.93E-05,2.06E-06,0.00E+00,0.00E+00,,,,,,,,,,,,,,,
0.86,1,12.5,0.2,0.1,2.5,1,1.3348,1.3424,0.0076,7.94E-05,1.59E-04,0.00E+00,0.00E+00,,,,,,,,,,,,,,,
0.86,1,12.5,0.2,0.1,2.5,1.1,1.319,1.327,0.008,0.0031736,0.047989,0.00E+00,0.00E+00,,,,,,,,,,,,,,,
0.86,1,12.5,0.2,0.1,2.5,1.2,1.3034,1.3116,0.0082,0.48541,0.071242,0.00E+00,0.00E+00,,,,,,,,,,,,,,,
0.86,1,12.5,0.2,0.1,2.5,1.3,1.2883,1.2964,0.0081,0.85809,0.092447,0.00E+00,0.00E+00,,,,,,,,,,,,,,,
0.86,1,12.5,0.2,0.1,2.5,1.4,1.2735,1.2814,0.0079,0.75846,0.21151,0.00E+00,0.00E+00,,,,,,,,,,,,,,,
0.86,1,12.5,0.2,0.1,2.5,1.5,1.2593,1.2669,0.0076,1.2994,0.51826,0.00E+00,0.00E+00,,,,,,,,,,,,,,,
0.86,1,12.5,0.2,0.1,2.5,1.6,1.2457,1.2529,0.0072,2.4902,2.5644,0.00E+00,0.00E+00,,,,,,,,,,,,,,,
0.86,1,12.5,0.2,0.1,2.5,1.7,1.2329,1.2396,0.0067,4.6939,2.6039,0.00E+00,0.00E+00,,,,,,,,,,,,,,,
0.87,1.1,13,0.25,0.15,2.5,0.6,1.4105,1.4131,0.0026,1.67E-08,2.02E-06,0.00E+00,0.00E+00,,,,,,,,,,,,,,,
0.87,1.1,13,0.25,0.15,2.5,0.7,1.3952,1.3988,0.0036,1.77E-07,4.13E-06,0.00E+00,0.00E+00,,,,,,,,,,,,,,,
0.87,1.1,13,0.25,0.15,2.5,0.8,1.3801,1.3846,0.0045,4.36E-06,2.12E-06,0.00E+00,0.00E+00,,,,,,,,,,,,,,,
0.87,1.1,13,0.25,0.15,2.5,0.9,1.3654,1.3707,0.0053,0.00080773,0.00050727,0.00E+00,0.00E+00,,,,,,,,,,,,,,,
0.87,1.1,13,0.25,0.15,2.5,1,1.3512,1.3571,0.0059,0.032711,0.0025111,0.00E+00,0.00E+00,,,,,,,,,,,,,,,
0.87,1.1,13,0.25,0.15,2.5,1.1,1.3375,1.3439,0.0064,0.026699,0.0036448,0.00E+00,0.00E+00,,,,,,,,,,,,,,,
0.87,1.1,13,0.25,0.15,2.5,1.2,1.3244,1.3311,0.0067,0.036794,0.010469,0.00E+00,0.00E+00,,,,,,,,,,,,,,,
0.87,1.1,13,0.25,0.15,2.5,1.3,1.3117,1.3186,0.0069,0.086513,0.034222,0.00E+00,0.00E+00,,,,,,,,,,,,,,,
0.87,1.1,13,0.25,0.15,2.5,1.4,1.2996,1.3065,0.0069,0.24004,0.28487,0.00E+00,0.00E+00,,,,,,,,,,,,,,,
0.87,1.1,13,0.25,0.15,2.5,1.5,1.2881,1.2949,0.0068,25.488,0.51555,0.00E+00,0.00E+00,,,,,,,,,,,,,,,
0.87,1.1,13,0.25,0.15,2.5,1.6,1.2773,1.2839,0.0066,1.6034,0.72631,0.00E+00,0.00E+00,,,,,,,,,,,,,,,
0.87,1,12.5,0.2,0.1,2.5,0.6,1.3989,1.4032,0.0043,2.13E-06,1.19E-06,0.00E+00,0.00E+00,,,,,,,,,,,,,,,
0.87,1,12.5,0.2,0.1,2.5,0.7,1.3819,1.3874,0.0055,4.03E-07,1.04E-08,0.00E+00,0.00E+00,,,,,,,,,,,,,,,
0.87,1,12.5,0.2,0.1,2.5,0.8,1.3651,1.3716,0.0065,0.063207,8.41E-06,0.00E+00,0.00E+00,,,,,,,,,,,,,,,
0.87,1,12.5,0.2,0.1,2.5,0.9,1.3485,1.3558,0.0073,2.99E-06,4.80E-06,0.00E+00,0.00E+00,,,,,,,,,,,,,,,
0.87,1,12.5,0.2,0.1,2.5,1,1.3322,1.3401,0.0079,7.90E-05,9.04E-05,0.00E+00,0.00E+00,,,,,,,,,,,,,,,
0.87,1,12.5,0.2,0.1,2.5,1.1,1.3161,1.3243,0.0082,0.0019375,0.01613,0.00E+00,0.00E+00,,,,,,,,,,,,,,,
0.87,1,12.5,0.2,0.1,2.5,1.2,1.3003,1.3087,0.0084,0.18578,0.082826,0.00E+00,0.00E+00,,,,,,,,,,,,,,,
0.87,1,12.5,0.2,0.1,2.5,1.3,1.2849,1.2931,0.0082,1.0955,0.086981,0.00E+00,0.00E+00,,,,,,,,,,,,,,,
0.87,1,12.5,0.2,0.1,2.5,1.4,1.2698,1.2779,0.0081,0.89982,0.19319,0.00E+00,0.00E+00,,,,,,,,,,,,,,,
0.87,1,12.5,0.2,0.1,2.5,1.5,1.2553,1.2631,0.0078,1.2221,0.4726,0.00E+00,0.00E+00,,,,,,,,,,,,,,,
0.87,1,12.5,0.2,0.1,2.5,1.6,1.2414,1.2488,0.0074,2.3324,1.1286,0.00E+00,0.00E+00,,,,,,,,,,,,,,,
0.87,1,12.5,0.2,0.1,2.5,1.7,1.2284,1.2352,0.0068,4.4144,2.4178,0.00E+00,0.00E+00,,,,,,,,,,,,,,,
0.88,1.1,13,0.25,0.15,2.5,0.6,1.4093,1.412,0.0027,7.16E-08,5.08E-08,0.00E+00,0.00E+00,,,,,,,,,,,,,,,
0.88,1.1,13,0.25,0.15,2.5,0.7,1.3937,1.3974,0.0037,2.38E-07,6.91E-07,0.00E+00,0.00E+00,,,,,,,,,,,,,,,
0.88,1.1,13,0.25,0.15,2.5,0.8,1.3784,1.383,0.0046,2.47E-06,2.33E-06,0.00E+00,0.00E+00,,,,,,,,,,,,,,,
0.88,1.1,13,0.25,0.15,2.5,0.9,1.3635,1.3689,0.0054,0.035331,0.00020207,0.00E+00,0.00E+00,,,,,,,,,,,,,,,
0.88,1.1,13,0.25,0.15,2.5,1,1.3491,1.3552,0.0061,0.010561,0.0021779,0.00E+00,0.00E+00,,,,,,,,,,,,,,,
0.88,1.1,13,0.25,0.15,2.5,1.1,1.3352,1.3418,0.0066,0.023794,0.0027935,0.00E+00,0.00E+00,,,,,,,,,,,,,,,
0.88,1.1,13,0.25,0.15,2.5,1.2,1.3218,1.3287,0.0069,0.029676,0.00808,0.00E+00,0.00E+00,,,,,,,,,,,,,,,
0.88,1.1,13,0.25,0.15,2.5,1.3,1.3089,1.316,0.0071,0.069478,0.026576,0.00E+00,0.00E+00,,,,,,,,,,,,,,,
0.88,1.1,13,0.25,0.15,2.5,1.4,1.2966,1.3037,0.0071,0.19208,0.16094,0.00E+00,0.00E+00,,,,,,,,,,,,,,,
0.88,1.1,13,0.25,0.15,2.5,1.5,1.2849,1.2919,0.007,3.4374,0.53137,0.00E+00,0.00E+00,,,,,,,,,,,,,,,
0.88,1.1,13,0.25,0.15,2.5,1.6,1.2738,1.2806,0.0068,1.5093,0.63431,0.00E+00,0.00E+00,,,,,,,,,,,,,,,
0.88,1,12.5,0.2,0.1,2.5,0.6,1.3974,1.4018,0.0044,1.28E-06,9.83E-07,0.00E+00,0.00E+00,,,,,,,,,,,,,,,
0.88,1,12.5,0.2,0.1,2.5,0.7,1.3801,1.3857,0.0056,1.83E-06,5.03E-08,0.00E+00,0.00E+00,,,,,,,,,,,,,,,
0.88,1,12.5,0.2,0.1,2.5,0.8,1.363,1.3697,0.0067,5.83E-07,1.18E-04,0.00E+00,0.00E+00,,,,,,,,,,,,,,,
0.88,1,12.5,0.2,0.1,2.5,0.9,1.3461,1.3536,0.0075,5.03E-07,1.57E-06,0.00E+00,0.00E+00,,,,,,,,,,,,,,,
0.88,1,12.5,0.2,0.1,2.5,1,1.3296,1.3376,0.008,3.32E-05,5.28E-05,0.00E+00,0.00E+00,,,,,,,,,,,,,,,
0.88,1,12.5,0.2,0.1,2.5,1.1,1.3132,1.3216,0.0084,0.0011891,0.006744,0.00E+00,0.00E+00,,,,,,,,,,,,,,,
0.88,1,12.5,0.2,0.1,2.5,1.2,1.2972,1.3057,0.0085,0.086212,0.10917,0.00E+00,0.00E+00,,,,,,,,,,,,,,,
0.88,1,12.5,0.2,0.1,2.5,1.3,1.2814,1.2899,0.0085,1.0161,0.083646,0.00E+00,0.00E+00,,,,,,,,,,,,,,,
0.88,1,12.5,0.2,0.1,2.5,1.4,1.2661,1.2743,0.0082,3.7017,0.14687,0.00E+00,0.00E+00,,,,,,,,,,,,,,,
0.88,1,12.5,0.2,0.1,2.5,1.5,1.2513,1.2592,0.0079,1.2941,0.43459,0.00E+00,0.00E+00,,,,,,,,,,,,,,,
0.88,1,12.5,0.2,0.1,2.5,1.6,1.2371,1.2446,0.0075,2.2003,1.0366,0.00E+00,0.00E+00,,,,,,,,,,,,,,,
0.88,1,12.5,0.2,0.1,2.5,1.7,1.2237,1.2307,0.007,4.1875,2.2566,0.00E+00,0.00E+00,,,,,,,,,,,,,,,
0.89,1.1,13,0.25,0.15,2.5,0.6,1.408,1.4108,0.0028,2.58E-07,1.76E-08,0.00E+00,0.00E+00,,,,,,,,,,,,,,,
0.89,1.1,13,0.25,0.15,2.5,0.7,1.3922,1.396,0.0038,3.66E-08,5.44E-07,0.00E+00,0.00E+00,,,,,,,,,,,,,,,
0.89,1.1,13,0.25,0.15,2.5,0.8,1.3767,1.3814,0.0047,0.000013083,1.25E-06,0.00E+00,0.00E+00,,,,,,,,,,,,,,,
0.89,1.1,13,0.25,0.15,2.5,0.9,1.3616,1.3671,0.0055,0.000030566,0.000086312,0.00E+00,0.00E+00,,,,,,,,,,,,,,,
0.89,1.1,13,0.25,0.15,2.5,1,1.3469,1.3532,0.0063,0.004109,0.0019898,0.00E+00,0.00E+00,,,,,,,,,,,,,,,
0.89,1.1,13,0.25,0.15,2.5,1.1,1.3328,1.3396,0.0068,0.022094,0.0021551,0.00E+00,0.00E+00,,,,,,,,,,,,,,,
0.89,1.1,13,0.25,0.15,2.5,1.2,1.3192,1.3263,0.0071,0.024146,0.0062692,0.00E+00,0.00E+00,,,,,,,,,,,,,,,
0.89,1.1,13,0.25,0.15,2.5,1.3,1.3061,1.3134,0.0073,0.059826,0.019957,0.00E+00,0.00E+00,,,,,,,,,,,,,,,
0.89,1.1,13,0.25,0.15,2.5,1.4,1.2936,1.3009,0.0073,0.15453,0.10438,0.00E+00,0.00E+00,,,,,,,,,,,,,,,
0.89,1.1,13,0.25,0.15,2.5,1.5,1.2816,1.2888,0.0072,1.298,0.60709,0.00E+00,0.00E+00,,,,,,,,,,,,,,,
0.89,1.1,13,0.25,0.15,2.5,1.6,1.2703,1.2773,0.007,1.4731,0.55795,0.00E+00,0.00E+00,,,,,,,,,,,,,,,
0.89,1,12.5,0.2,0.1,2.5,0.6,1.3958,1.4004,0.0046,7.32E-07,1.30E-06,0.00E+00,0.00E+00,,,,,,,,,,,,,,,
0.89,1,12.5,0.2,0.1,2.5,0.7,1.3782,1.384,0.0058,7.10E-07,1.19E-06,0.00E+00,0.00E+00,,,,,,,,,,,,,,,
0.89,1,12.5,0.2,0.1,2.5,0.8,1.3608,1.3677,0.0069,0.10538,1.25E-06,0.00E+00,0.00E+00,,,,,,,,,,,,,,,
0.89,1,12.5,0.2,0.1,2.5,0.9,1.3437,1.3514,0.0077,8.87E-07,1.96E-07,0.00E+00,0.00E+00,,,,,,,,,,,,,,,
0.89,1,12.5,0.2,0.1,2.5,1,1.3269,1.3351,0.0082,2.28E-05,3.18E-05,0.00E+00,0.00E+00,,,,,,,,,,,,,,,
0.89,1,12.5,0.2,0.1,2.5,1.1,1.3103,1.3189,0.0086,7.58E-04,0.0032091,0.00E+00,0.00E+00,,,,,,,,,,,,,,,
0.89,1,12.5,0.2,0.1,2.5,1.2,1.2939,1.3026,0.0087,0.043797,0.17804,0.00E+00,0.00E+00,,,,,,,,,,,,,,,
0.89,1,12.5,0.2,0.1,2.5,1.3,1.2779,1.2865,0.0086,3.3521,0.082857,0.00E+00,0.00E+00,,,,,,,,,,,,,,,
0.89,1,12.5,0.2,0.1,2.5,1.4,1.2623,1.2707,0.0084,10.409,0.072086,0.00E+00,0.00E+00,,,,,,,,,,,,,,,
0.89,1,12.5,0.2,0.1,2.5,1.5,1.2472,1.2552,0.008,1.1269,0.40322,0.00E+00,0.00E+00,,,,,,,,,,,,,,,
0.89,1,12.5,0.2,0.1,2.5,1.6,1.2327,1.2404,0.0077,2.0949,0.96351,0.00E+00,0.00E+00,,,,,,,,,,,,,,,
0.89,1,12.5,0.2,0.1,2.5,1.7,1.219,1.2262,0.0072,3.9585,2.1194,0.00E+00,0.00E+00,,,,,,,,,,,,,,,
0.9,1.1,12.5,0.25,0.15,2.5,0.6,1.4183,1.4204,0.0021,6.06E-06,4.29E-06,0.00E+00,0.00E+00,,,,,,,,,,,,,,,
0.9,1.1,12.5,0.25,0.15,2.5,0.7,1.4047,1.4075,0.0028,0.000020113,0.00013512,0.00E+00,0.00E+00,,,,,,,,,,,,,,,
0.9,1.1,12.5,0.25,0.15,2.5,0.8,1.3948,1.3948,0,0.00018908,0.00021915,0.00E+00,0.00E+00,,,,,,,,,,,,,,,
0.9,1.1,12.5,0.25,0.15,2.5,0.9,1.378,1.3823,0.0043,0.001522,0.00042307,0.00E+00,0.00E+00,,,,,,,,,,,,,,,
0.9,1.1,12.5,0.25,0.15,2.5,1,1.3653,1.3701,0.0048,0.0042549,0.0035782,0.00E+00,0.00E+00,,,,,,,,,,,,,,,
0.9,1.1,12.5,0.25,0.15,2.5,1.1,1.353,1.3583,0.0053,0.03781,2.73,0.00E+00,0.00E+00,,,,,,,,,,,,,,,
0.9,1.1,12.5,0.25,0.15,2.5,1.2,1.3413,1.3469,0.0056,256.93,0.15895,0.00E+00,0.00E+00,,,,,,,,,,,,,,,
0.9,1.1,12.5,0.25,0.15,2.5,1.3,1.3302,1.3359,0.0057,0.82248,0.23724,0.00E+00,0.00E+00,,,,,,,,,,,,,,,
0.9,1.1,12.5,0.25,0.15,2.5,1.4,1.3196,1.3253,0.0057,1.1004,0.5476,0.00E+00,0.00E+00,,,,,,,,,,,,,,,
0.9,1.1,12.5,0.25,0.15,2.5,1.5,1.3097,1.3153,0.0056,2.1226,1.3284,0.00E+00,0.00E+00,,,,,,,,,,,,,,,
0.9,1.1,12.5,0.25,0.15,2.5,1.6,1.3004,1.3058,0.0054,4.2661,3.0808,0.00E+00,0.00E+00,,,,,,,,,,,,,,,
0.9,1.1,13,0.25,0.15,2.5,0.6,1.4067,1.4097,0.003,9.35E-07,3.40E-08,0.00E+00,0.00E+00,,,,,,,,,,,,,,,
0.9,1.1,13,0.25,0.15,2.5,0.7,1.3907,1.3946,0.0039,2.20E-08,2.36E-07,0.00E+00,0.00E+00,,,,,,,,,,,,,,,
0.9,1.1,13,0.25,0.15,2.5,0.8,1.3749,1.3798,0.0049,0.000001591,0.000009091,0.00E+00,0.00E+00,,,,,,,,,,,,,,,
0.9,1.1,13,0.25,0.15,2.5,0.9,1.3596,1.3653,0.0057,0.000016153,0.000038509,0.00E+00,0.00E+00,,,,,,,,,,,,,,,
0.9,1.1,13,0.25,0.15,2.5,1,1.3447,1.3511,0.0064,0.0017876,0.0019575,0.00E+00,0.00E+00,,,,,,,,,,,,,,,
0.9,1.1,13,0.25,0.15,2.5,1.1,1.3304,1.3373,0.0069,0.02165,0.0016867,0.00E+00,0.00E+00,,,,,,,,,,,,,,,
0.9,1.1,13,0.25,0.15,2.5,1.2,1.3166,1.3238,0.0072,0.019861,0.0048919,0.00E+00,0.00E+00,,,,,,,,,,,,,,,
0.9,1.1,13,0.25,0.15,2.5,1.3,1.3033,1.3107,0.0074,0.072489,0.012895,0.00E+00,0.00E+00,,,,,,,,,,,,,,,
0.9,1.1,13,0.25,0.15,2.5,1.4,1.2905,1.298,0.0075,0.1259,0.073484,0.00E+00,0.00E+00,,,,,,,,,,,,,,,
0.9,1.1,13,0.25,0.15,2.5,1.5,1.2784,1.2857,0.0073,0.70312,0.82831,0.00E+00,0.00E+00,,,,,,,,,,,,,,,
0.9,1.1,13,0.25,0.15,2.5,1.6,1.2668,1.2739,0.0071,1.5179,0.49519,0.00E+00,0.00E+00,,,,,,,,,,,,,,,
0.9,1.3,15,0.3,0.2,2.5,1,1.3611,1.3561,0.005,6.43E-05,6.23E-06,0.00E+00,0.00E+00,,,,,,,,,,,,,,,
0.9,1.3,15,0.3,0.2,2.5,1.1,1.3561,1.3598,0.0037,2.28E-04,4.93E-05,0.00E+00,0.00E+00,,,,,,,,,,,,,,,
0.9,1.3,15,0.3,0.2,2.5,1.2,1.3499,1.3548,0.0049,5.70E-04,4.68E-04,0.00E+00,0.00E+00,,,,,,,,,,,,,,,
0.9,1.3,15,0.3,0.2,2.5,1.3,1.3386,1.3438,0.0052,0.0051644,0.0096917,0.00E+00,0.00E+00,,,,,,,,,,,,,,,
0.9,1.3,15,0.3,0.2,2.5,1.4,1.3277,1.3332,0.0055,0.58216,0.11066,0.00E+00,0.00E+00,,,,,,,,,,,,,,,
0.9,1.3,15,0.3,0.2,2.5,1.5,1.3173,1.3229,0.0056,0.20487,0.057981,0.00E+00,0.00E+00,,,,,,,,,,,,,,,
0.9,1.3,15,0.3,0.2,2.5,1.6,1.3073,1.313,0.0057,0.27697,0.21533,0.00E+00,0.00E+00,,,,,,,,,,,,,,,
0.9,1.3,15,0.3,0.2,2.5,1.7,1.2978,1.3034,0.0056,0.99819,0.98604,0.00E+00,0.00E+00,,,,,,,,,,,,,,,
0.9,1.3,15,0.3,0.2,2.5,1.8,1.2888,1.2943,0.0055,4.1594,4.8646,0.00E+00,0.00E+00,,,,,,,,,,,,,,,
0.9,1.3,15,0.3,0.2,2.5,1.9,1.2803,1.2856,0.0053,19.077,28.4,0.00E+00,0.00E+00,,,,,,,,,,,,,,,
0.9,1.4,15,0.3,0.2,2.5,0.6,1.4419,1.4426,0.0007,4.78E-04,3.46E-04,0.00E+00,0.00E+00,,,,,,,,,,,,,,,
0.9,1.4,15,0.3,0.2,2.5,0.7,1.4333,1.4342,0.0009,0.003887,0.042483,0.00E+00,0.00E+00,,,,,,,,,,,,,,,
0.9,1.4,15,0.3,0.2,2.5,0.8,1.4244,1.4256,0.0012,0.11866,0.11866,0.00E+00,0.00E+00,,,,,,,,,,,,,,,
0.9,1.4,15,0.3,0.2,2.5,0.9,1.4153,1.417,0.0017,0.13377,0.0019623,0.00E+00,0.00E+00,,,,,,,,,,,,,,,
0.9,1.4,15,0.3,0.2,2.5,1,1.4063,1.4083,0.002,0.02324,0.0094138,0.00E+00,0.00E+00,,,,,,,,,,,,,,,
0.9,1.4,15,0.3,0.2,2.5,1.1,1.3975,1.3998,0.0023,0.040895,0.019254,0.00E+00,0.00E+00,,,,,,,,,,,,,,,
0.9,1.4,15,0.3,0.2,2.5,1.2,1.3889,1.3915,0.0026,0.085541,0.048585,0.00E+00,0.00E+00,,,,,,,,,,,,,,,
0.9,1.4,15,0.3,0.2,2.5,1.3,1.3806,1.3834,0.0028,0.23311,0.29679,0.00E+00,0.00E+00,,,,,,,,,,,,,,,
0.9,1.4,15,0.3,0.2,2.5,1.4,1.3725,1.3756,0.0031,4.5189,2.3046,0.00E+00,0.00E+00,,,,,,,,,,,,,,,
0.9,1.4,15,0.3,0.2,2.5,1.5,1.3649,1.3681,0.0032,2.4319,0.72709,0.00E+00,0.00E+00,,,,,,,,,,,,,,,
0.9,1.4,15,0.3,0.2,2.5,1.6,1.3576,1.3609,0.0033,1.8211,0.97065,0.00E+00,0.00E+00,,,,,,,,,,,,,,,
0.9,1.4,15,0.3,0.2,2.5,1.7,1.3507,1.354,0.0033,2.5311,1.599,0.00E+00,0.00E+00,,,,,,,,,,,,,,,
